Boar Stud,Yearweek,Sample Leaked,Form Incorrect,Tube Missing,Number Incorrect,Sample ID incorrect,Sample Quality,Total,Submissions
SPG NC,202411,0,0,0,0,0,0,0,3
SPG VA,202411,0,0,0,0,0,0,0,3
Deercroft,202411,0,0,0,0,0,0,0,3
Laurel Hill,202411,0,0,0,0,0,0,0,3
Askin,202411,0,0,0,0,0,0,0,6
Williamston,202411,0,0,0,0,0,0,0,6
Robersonville,202411,0,0,0,0,0,0,0,6
Cimarron,202411,0,0,0,0,0,0,0,4
Cyclone,202411,0,0,0,0,0,0,0,3
Skyline,202411,0,0,0,0,0,0,0,3
Yuma,202411,0,0,0,0,0,0,0,2
SPG NC,202410,0,0,0,0,0,0,0,3
SPG VA,202410,0,0,0,0,0,0,0,3
Deercroft,202410,0,1,0,0,0,0,1,3
Laurel Hill,202410,0,0,0,0,0,0,0,3
Askin,202410,0,0,0,0,0,0,0,6
Williamston,202410,0,0,0,0,0,0,0,6
Robersonville,202410,0,0,0,0,0,0,0,6
Cimarron,202410,0,0,0,0,0,0,0,4
Cyclone,202410,0,1,0,0,0,0,1,3
Skyline,202410,0,0,0,0,0,0,0,4
Yuma,202410,0,0,0,0,0,0,0,2
SPG NC,202409,0,0,0,0,0,0,0,3
SPG VA,202409,0,0,0,0,0,0,0,3
Deercroft,202409,0,0,0,0,0,0,0,3
Laurel Hill,202409,0,0,0,0,0,0,0,3
Askin,202409,0,0,0,0,0,0,0,6
Williamston,202409,0,0,0,0,0,0,0,6
Robersonville,202409,0,0,0,0,0,0,0,6
Cimarron,202409,0,0,0,0,0,0,0,4
Cyclone,202409,0,0,0,0,0,0,0,3
Skyline,202409,0,0,0,0,0,0,0,4
Yuma,202409,0,0,0,0,0,0,0,2
SPG NC,202408,0,0,0,0,0,0,0,3
SPG VA,202408,0,0,0,0,0,0,0,3
Deercroft,202408,0,0,0,0,0,0,0,3
Laurel Hill,202408,1,0,0,0,0,0,1,3
Askin,202408,0,0,0,0,0,0,0,6
Williamston,202408,0,0,0,0,0,0,0,6
Robersonville,202408,0,0,1,0,0,0,1,6
Cimarron,202408,0,0,0,0,0,0,0,4
Cyclone,202408,0,0,0,0,0,0,0,3
Skyline,202408,0,0,0,0,0,0,0,4
Yuma,202408,0,0,0,0,0,0,0,2
SPG NC,202407,0,0,0,0,0,0,0,3
SPG VA,202407,0,0,0,0,0,0,0,3
Deercroft,202407,0,0,0,0,0,0,0,3
Laurel Hill,202407,0,0,0,0,0,0,0,3
Askin,202407,0,0,0,0,0,0,0,6
Williamston,202407,0,0,0,0,0,0,0,6
Robersonville,202407,0,0,0,0,0,0,0,6
Cimarron,202407,0,0,0,0,0,0,0,4
Cyclone,202407,0,0,0,0,0,0,0,3
Skyline,202407,0,0,0,0,0,0,0,3
Yuma,202407,0,0,0,0,0,0,0,2
SPG NC,202406,0,0,0,0,0,0,0,3
SPG VA,202406,0,0,0,0,0,0,0,3
Deercroft,202406,0,0,0,0,0,0,0,3
Laurel Hill,202406,0,0,0,0,0,0,0,3
Askin,202406,0,0,0,0,0,0,0,6
Williamston,202406,0,0,0,0,0,0,0,6
Robersonville,202406,0,0,0,0,0,0,0,6
Cimarron,202406,0,0,0,0,0,0,0,4
Cyclone,202406,0,0,0,0,0,0,0,3
Skyline,202406,0,0,0,0,0,0,0,3
Yuma,202406,0,0,0,0,0,0,0,2
SPG NC,202405,0,1,1,0,0,0,2,3
SPG VA,202405,0,0,0,0,0,0,0,3
Deercroft,202405,0,0,0,0,0,0,0,3
Laurel Hill,202405,0,0,0,0,0,0,0,3
Askin,202405,0,0,0,0,0,0,0,6
Williamston,202405,0,1,0,0,0,0,1,6
Robersonville,202405,0,0,0,0,0,0,0,6
Cimarron,202405,0,0,0,0,0,0,0,4
Cyclone,202405,0,0,0,0,0,0,0,3
Skyline,202405,0,0,0,0,0,1,1,4
Yuma,202405,0,0,0,0,0,0,0,2
SPG NC,202404,0,0,0,0,0,0,0,3
SPG VA,202404,0,0,0,0,0,0,0,3
Deercroft,202404,0,0,0,0,0,0,0,3
Laurel Hill,202404,0,0,0,0,0,0,0,3
Askin,202404,0,0,0,0,0,0,0,6
Williamston,202404,0,0,1,0,0,0,1,6
Robersonville,202404,0,0,0,0,0,0,0,6
Cimarron,202404,0,0,0,0,0,0,0,4
Cyclone,202404,0,0,0,0,0,0,0,3
Skyline,202404,0,0,0,0,0,0,0,3
Yuma,202404,0,0,0,0,0,0,0,2
SPG NC,202403,0,1,0,0,0,0,1,3
SPG VA,202403,0,0,0,0,0,0,0,3
Deercroft,202403,0,0,0,0,0,0,0,3
Laurel Hill,202403,0,0,0,0,0,0,0,3
Askin,202403,0,0,0,0,0,0,0,6
Williamston,202403,0,0,0,0,0,1,1,6
Robersonville,202403,0,0,0,0,0,0,0,6
Cimarron,202403,0,0,0,0,0,0,0,4
Cyclone,202403,0,0,0,0,0,0,0,3
Skyline,202403,0,0,0,0,0,0,0,3
Yuma,202403,0,0,0,0,0,0,0,2
SPG NC,202402,0,0,0,0,0,0,0,3
SPG VA,202402,0,0,0,0,0,1,1,3
Deercroft,202402,0,0,0,0,0,0,0,3
Laurel Hill,202402,0,0,0,0,0,0,0,3
Askin,202402,0,0,0,0,0,0,0,6
Williamston,202402,0,0,0,0,0,0,0,6
Robersonville,202402,0,0,0,0,0,0,0,6
Cimarron,202402,0,0,0,0,0,0,0,4
Cyclone,202402,0,0,0,0,0,0,0,3
Skyline,202402,0,0,0,0,0,0,0,3
Yuma,202402,0,0,0,0,0,0,0,2
SPG NC,202401,0,0,0,0,0,0,0,3
SPG VA,202401,0,0,0,0,0,0,0,3
Deercroft,202401,0,0,0,0,0,0,0,3
Laurel Hill,202401,0,0,0,0,0,0,0,3
Askin,202401,0,0,0,0,0,0,0,6
Williamston,202401,0,0,0,0,0,0,0,6
Robersonville,202401,0,0,1,0,0,0,1,6
Cimarron,202401,0,0,0,0,0,0,0,2
Cyclone,202401,0,0,0,0,0,0,0,3
Skyline,202401,0,0,0,0,0,0,0,3
Yuma,202401,0,0,0,0,0,0,0,2
SPG NC,202352,0,0,0,0,0,0,0,3
SPG VA,202352,0,0,0,0,0,0,0,3
Deercroft,202352,0,0,0,0,0,0,0,3
Laurel Hill,202352,0,0,0,0,0,0,0,3
Askin,202352,0,0,0,0,0,0,0,6
Williamston,202352,0,0,0,0,0,0,0,6
Robersonville,202352,0,0,0,0,0,0,0,6
Cimarron,202352,0,0,0,0,0,0,0,4
Cyclone,202352,0,0,0,0,0,0,0,4
Skyline,202352,0,0,0,0,0,0,0,3
Yuma,202352,0,0,0,0,0,0,0,2
SPG NC,202351,0,0,0,0,0,0,0,3
SPG VA,202351,0,0,0,0,0,0,0,3
Deercroft,202351,0,0,0,0,0,0,0,3
Laurel Hill,202351,0,0,0,0,0,0,0,3
Askin,202351,0,0,0,0,0,0,0,6
Williamston,202351,0,0,0,0,0,0,0,6
Robersonville,202351,0,0,0,0,0,0,0,6
Cimarron,202351,0,0,0,0,0,0,0,4
Cyclone,202351,0,0,0,0,0,0,0,4
Skyline,202351,0,0,0,0,0,0,0,3
Yuma,202351,0,0,0,0,0,0,0,2
SPG NC,202350,0,0,0,0,0,0,0,3
SPG VA,202350,0,0,0,0,0,0,0,3
Deercroft,202350,0,0,0,0,0,0,0,3
Laurel Hill,202350,0,0,0,0,0,0,0,3
Askin,202350,0,0,0,0,0,0,0,6
Williamston,202350,0,0,0,0,0,0,0,6
Robersonville,202350,0,0,0,0,0,0,0,6
Cimarron,202350,0,0,0,0,0,0,0,4
Cyclone,202350,0,0,0,0,0,0,0,3
Skyline,202350,0,0,0,0,0,0,0,3
Yuma,202350,0,0,0,0,0,0,0,2
SPG NC,202349,0,0,0,0,0,0,0,3
SPG VA,202349,0,0,0,0,0,0,0,3
Deercroft,202349,0,0,0,0,0,0,0,3
Laurel Hill,202349,0,0,0,0,0,0,0,3
Askin,202349,0,0,0,0,0,0,0,6
Williamston,202349,0,0,0,0,0,0,0,6
Robersonville,202349,0,0,0,0,0,0,0,6
Cimarron,202349,0,0,0,0,0,0,0,4
Cyclone,202349,0,0,0,0,0,0,0,4
Skyline,202349,0,0,0,0,0,0,0,3
Yuma,202349,0,0,0,0,0,0,0,2
SPG NC,202348,0,0,0,0,0,0,0,3
SPG VA,202348,0,0,0,0,0,0,0,3
Deercroft,202348,0,0,0,0,0,0,0,3
Laurel Hill,202348,0,0,0,0,0,0,0,3
Askin,202348,0,0,0,0,0,0,0,6
Williamston,202348,0,0,0,0,0,0,0,6
Robersonville,202348,0,0,0,0,0,0,0,6
Cimarron,202348,0,0,0,0,0,0,0,4
Cyclone,202348,0,0,0,0,0,0,0,3
Skyline,202348,0,0,0,0,0,0,0,4
Yuma,202348,0,0,0,0,0,0,0,2
SPG NC,202347,0,0,0,0,0,0,0,3
SPG VA,202347,0,0,0,0,0,0,0,3
Deercroft,202347,0,0,0,0,0,0,0,3
Laurel Hill,202347,0,0,0,0,0,0,0,3
Askin,202347,0,0,0,0,0,0,0,6
Williamston,202347,0,0,0,0,0,0,0,6
Robersonville,202347,0,0,0,0,0,0,0,6
Cimarron,202347,0,0,0,0,0,0,0,3
Cyclone,202347,0,0,0,0,0,0,0,2
Skyline,202347,0,0,0,0,0,0,0,3
Yuma,202347,0,0,0,0,0,0,0,2
SPG NC,202346,0,0,0,0,0,0,0,3
SPG VA,202346,0,0,0,0,0,0,0,3
Deercroft,202346,0,0,0,0,0,0,0,3
Laurel Hill,202346,0,0,1,0,0,0,1,3
Askin,202346,0,0,0,0,0,0,0,6
Williamston,202346,0,0,0,0,0,0,0,6
Robersonville,202346,0,0,0,0,0,0,0,6
Cimarron,202346,0,0,0,0,0,0,0,4
Cyclone,202346,0,0,0,0,0,0,0,3
Skyline,202346,0,0,0,0,0,0,0,4
Yuma,202346,0,0,0,0,0,0,0,2
SPG NC,202345,0,0,0,0,0,0,0,3
SPG VA,202345,0,0,0,0,0,0,0,3
Deercroft,202345,0,0,0,0,0,0,0,3
Laurel Hill,202345,0,0,0,0,0,0,0,3
Askin,202345,0,0,0,0,0,0,0,6
Williamston,202345,0,0,0,0,0,0,0,6
Robersonville,202345,0,0,0,0,0,0,0,6
Cimarron,202345,0,0,0,0,0,0,0,5
Cyclone,202345,0,0,0,0,0,0,0,3
Skyline,202345,0,0,0,0,0,0,0,3
Yuma,202345,0,0,0,0,0,0,0,2
SPG NC,202344,0,0,0,0,0,0,0,3
SPG VA,202344,0,0,0,0,0,0,0,3
Deercroft,202344,0,0,0,0,0,0,0,3
Laurel Hill,202344,0,0,0,0,0,0,0,3
Askin,202344,0,0,0,0,0,0,0,6
Williamston,202344,0,0,0,0,0,0,0,6
Robersonville,202344,0,0,0,0,0,0,0,6
Cimarron,202344,0,0,0,0,0,0,0,4
Cyclone,202344,0,0,0,0,0,0,0,3
Skyline,202344,0,1,0,0,0,0,1,3
Yuma,202344,0,0,0,0,0,0,0,2
SPG NC,202343,0,0,0,0,0,0,0,3
SPG VA,202343,0,0,0,0,0,0,0,3
Deercroft,202343,0,0,0,0,0,0,0,3
Laurel Hill,202343,0,0,0,0,0,0,0,3
Askin,202343,0,0,0,0,0,0,0,6
Williamston,202343,0,0,0,0,0,0,0,6
Robersonville,202343,0,0,0,0,0,0,0,6
Cimarron,202343,0,0,0,0,0,0,0,4
Cyclone,202343,0,0,0,0,0,0,0,3
Skyline,202343,0,0,0,0,0,0,0,3
Yuma,202343,0,0,0,0,0,0,0,2
SPG NC,202342,0,0,0,0,0,0,0,3
SPG VA,202342,0,0,0,0,0,0,0,3
Deercroft,202342,0,0,0,0,0,0,0,3
Laurel Hill,202342,0,0,0,0,0,0,0,3
Askin,202342,0,0,0,0,0,0,0,6
Williamston,202342,0,0,0,0,0,0,0,6
Robersonville,202342,0,0,0,0,0,0,0,6
Cimarron,202342,0,0,0,0,0,0,0,4
Cyclone,202342,0,0,0,0,0,0,0,3
Skyline,202342,0,0,0,0,0,0,0,3
Yuma,202342,0,0,0,0,0,0,0,2
SPG NC,202341,0,0,0,0,0,0,0,3
SPG VA,202341,0,0,0,0,0,0,0,3
Deercroft,202341,0,0,0,0,0,0,0,3
Laurel Hill,202341,0,0,0,0,0,0,0,3
Askin,202341,0,0,0,0,0,0,0,6
Williamston,202341,0,0,0,0,0,0,0,6
Robersonville,202341,0,0,0,0,0,0,0,6
Cimarron,202341,0,0,0,0,0,0,0,4
Cyclone,202341,0,0,0,0,0,0,0,3
Skyline,202341,0,0,0,0,0,0,0,3
Yuma,202341,0,0,0,0,0,0,0,2
SPG NC,202340,0,0,0,0,0,0,0,3
SPG VA,202340,0,0,0,0,0,0,0,3
Deercroft,202340,0,0,0,0,0,0,0,3
Laurel Hill,202340,0,0,0,0,0,0,0,3
Askin,202340,0,0,0,0,0,0,0,6
Williamston,202340,0,0,0,0,0,0,0,6
Robersonville,202340,0,0,0,0,0,0,0,6
Cimarron,202340,0,0,0,0,0,0,0,4
Cyclone,202340,0,0,0,0,0,0,0,2
Skyline,202340,0,0,0,0,0,0,0,3
Yuma,202340,0,0,0,0,0,0,0,2
SPG NC,202339,0,0,0,0,0,0,0,3
SPG VA,202339,0,0,0,0,0,0,0,3
Deercroft,202339,0,0,0,0,0,0,0,3
Laurel Hill,202339,0,0,0,0,0,0,0,3
Askin,202339,0,0,0,0,0,0,0,6
Williamston,202339,0,0,0,0,0,0,0,6
Robersonville,202339,0,0,0,0,0,0,0,6
Cimarron,202339,0,0,0,0,0,0,0,4
Cyclone,202339,0,0,0,0,0,0,0,3
Skyline,202339,0,0,0,0,0,0,0,3
Yuma,202339,0,0,0,0,0,0,0,2
SPG NC,202338,0,0,0,0,0,0,0,3
SPG VA,202338,0,0,0,0,0,0,0,3
Deercroft,202338,0,0,0,0,0,0,0,3
Laurel Hill,202338,0,0,0,0,0,0,0,3
Askin,202338,0,0,0,0,0,0,0,6
Williamston,202338,0,0,0,0,0,0,0,6
Robersonville,202338,0,0,0,0,0,0,0,6
Cimarron,202338,0,0,0,0,0,0,0,4
Cyclone,202338,0,0,0,0,0,0,0,3
Skyline,202338,0,0,0,0,1,0,1,3
Yuma,202338,0,0,0,0,0,0,0,2
SPG NC,202337,0,0,0,0,0,0,0,3
SPG VA,202337,0,0,0,0,0,0,0,3
Deercroft,202337,0,0,0,0,0,0,0,3
Laurel Hill,202337,0,0,0,0,0,0,0,3
Askin,202337,0,0,0,0,0,0,0,6
Williamston,202337,0,0,0,0,0,0,0,6
Robersonville,202337,0,0,0,0,0,0,0,6
Macon Bacon,202337,0,0,0,0,0,0,0,3
Cimarron,202337,0,0,0,0,0,0,0,4
Cyclone,202337,0,0,0,0,0,0,0,4
Skyline,202337,0,0,0,0,0,0,0,3
Yuma,202337,0,0,0,0,0,0,0,2
SPG NC,202336,0,0,0,0,0,0,0,3
SPG VA,202336,0,0,0,0,0,0,0,3
Deercroft,202336,0,0,0,0,0,0,0,3
Laurel Hill,202336,0,0,0,0,0,0,0,3
Askin,202336,0,0,0,0,0,0,0,6
Williamston,202336,0,0,0,0,0,0,0,6
Robersonville,202336,0,0,0,0,0,0,0,6
Macon Bacon,202336,0,0,0,0,0,0,0,3
Cimarron,202336,0,0,0,0,0,0,0,3
Cyclone,202336,0,1,0,0,0,0,0,4
Skyline,202336,0,0,0,0,0,0,0,3
Yuma,202336,0,0,0,0,0,0,0,2
SPG NC,202335,0,0,0,0,0,0,0,3
SPG VA,202335,0,0,0,0,0,0,0,3
Deercroft,202335,0,0,0,0,0,0,0,3
Laurel Hill,202335,0,0,0,0,0,0,0,3
Askin,202335,0,0,0,0,0,0,0,6
Williamston,202335,0,0,0,0,0,0,0,6
Robersonville,202335,0,0,0,0,0,0,0,6
Macon Bacon,202335,0,0,0,0,0,0,0,3
Cimarron,202335,0,0,0,0,0,0,0,4
Cyclone,202335,0,0,0,0,0,0,0,3
Skyline,202335,0,0,0,0,0,0,0,3
Yuma,202335,0,0,0,0,0,0,0,2
SPG NC,202334,0,0,0,0,0,0,0,3
SPG VA,202334,0,0,0,0,0,0,0,3
Deercroft,202334,0,0,0,0,0,0,0,3
Laurel Hill,202334,0,0,0,0,0,0,0,3
Askin,202334,0,0,0,0,0,0,0,6
Williamston,202334,0,0,0,0,0,0,0,6
Robersonville,202334,0,0,0,0,0,0,0,6
Macon Bacon,202334,0,0,0,0,0,0,0,3
Cimarron,202334,0,0,0,0,0,0,0,4
Cyclone,202334,0,0,0,0,0,0,0,3
Skyline,202334,0,0,0,0,0,0,0,3
Yuma,202334,0,0,0,0,0,0,0,2
SPG NC,202333,0,0,0,0,0,0,0,3
SPG VA,202333,0,0,0,0,0,0,0,3
Deercroft,202333,0,0,0,0,0,0,0,3
Laurel Hill,202333,0,0,0,0,0,0,0,3
Askin,202333,0,0,0,0,0,0,0,6
Williamston,202333,0,0,0,0,0,0,0,6
Robersonville,202333,0,0,0,0,0,0,0,6
Macon Bacon,202333,0,0,0,0,0,0,0,3
Cimarron,202333,0,0,0,0,0,0,0,4
Cyclone,202333,0,0,0,0,0,0,0,3
Skyline,202333,0,0,0,0,0,0,0,3
Yuma,202333,0,0,0,0,0,0,0,2
SPG NC,202332,0,0,0,0,0,0,0,3
SPG VA,202332,0,0,0,0,0,0,0,3
Deercroft,202332,0,0,0,0,0,0,0,3
Laurel Hill,202332,0,0,0,0,0,0,0,3
Askin,202332,0,0,0,0,0,0,0,6
Williamston,202332,0,0,0,0,0,0,0,6
Robersonville,202332,0,0,0,0,0,0,0,6
Macon Bacon,202332,0,0,0,0,0,0,0,3
Cimarron,202332,0,0,0,0,0,0,0,4
Cyclone,202332,0,0,0,0,0,0,0,3
Skyline,202332,0,0,0,0,0,0,0,3
Yuma,202332,0,0,0,0,0,0,0,2
SPG NC,202331,0,0,0,0,0,0,0,3
SPG VA,202331,0,0,0,0,0,0,0,3
Deercroft,202331,0,0,0,0,0,0,0,3
Laurel Hill,202331,0,0,0,0,0,0,0,3
Askin,202331,0,0,0,0,0,0,0,6
Williamston,202331,0,0,0,0,0,0,0,6
Robersonville,202331,0,0,0,0,0,0,0,6
Macon Bacon,202331,0,0,0,0,0,0,0,3
Cimarron,202331,0,0,0,0,0,0,0,4
Cyclone,202331,0,0,0,0,0,0,0,3
Skyline,202331,0,0,0,0,0,0,0,3
Yuma,202331,0,0,0,0,0,0,0,2
SPG NC,202330,0,0,0,0,0,0,0,3
SPG VA,202330,0,0,0,0,0,0,0,3
Deercroft,202330,0,0,0,0,0,0,0,3
Laurel Hill,202330,0,0,0,0,0,0,0,3
Askin,202330,0,0,0,0,0,0,0,6
Williamston,202330,0,0,0,0,0,0,0,6
Robersonville,202330,0,0,0,0,0,0,0,6
Macon Bacon,202330,0,0,0,0,0,0,0,3
Cimarron,202330,0,0,0,0,0,0,0,4
Cyclone,202330,0,0,0,0,0,0,0,3
Skyline,202330,0,0,0,0,0,0,0,3
Yuma,202330,0,0,0,0,0,0,0,2
SPG NC,202329,0,0,0,0,0,0,0,3
SPG VA,202329,0,0,0,0,0,0,0,3
Deercroft,202329,0,0,0,0,0,0,0,3
Laurel Hill,202329,0,0,0,0,0,0,0,3
Askin,202329,0,0,0,0,0,0,0,6
Williamston,202329,0,0,0,0,0,0,0,6
Robersonville,202329,0,0,0,0,0,0,0,6
Macon Bacon,202329,0,0,0,0,0,0,0,3
Cimarron,202329,0,0,0,0,0,0,0,4
Cyclone,202329,0,0,0,0,0,0,0,3
Skyline,202329,0,0,0,0,1,0,1,3
Yuma,202329,0,0,0,0,0,0,0,2
SPG NC,202328,0,0,0,0,0,0,0,3
SPG VA,202328,0,0,0,0,0,0,0,3
Deercroft,202328,0,0,0,0,0,0,0,3
Laurel Hill,202328,0,0,0,0,0,0,0,3
Askin,202328,0,0,0,0,0,0,0,6
Williamston,202328,0,0,0,0,0,0,0,6
Robersonville,202328,0,0,0,0,0,0,0,6
Macon Bacon,202328,0,0,0,0,0,0,0,3
Cimarron,202328,0,0,0,0,0,0,0,4
Cyclone,202328,0,0,0,0,0,0,0,3
Skyline,202328,0,0,0,0,1,0,0,3
Yuma,202328,0,0,0,0,0,0,0,2
SPG NC,202327,0,0,0,0,0,0,0,3
SPG VA,202327,0,0,0,0,0,0,0,3
Deercroft,202327,0,0,0,0,0,0,0,3
Laurel Hill,202327,0,0,0,0,0,0,0,3
Askin,202327,0,0,0,0,0,0,0,6
Williamston,202327,0,0,0,0,0,0,0,6
Robersonville,202327,0,0,0,0,0,0,0,6
Macon Bacon,202327,0,0,0,0,0,0,0,3
Cimarron,202327,0,0,0,0,0,0,0,3
Cyclone,202327,0,0,0,0,0,0,0,3
Skyline,202327,0,0,0,0,0,0,0,2
Yuma,202327,0,0,0,0,0,0,0,2
SPG NC,202326,0,0,0,0,0,0,0,3
SPG VA,202326,0,0,0,0,0,0,0,3
Deercroft,202326,0,0,0,0,0,0,0,3
Laurel Hill,202326,0,0,0,0,0,0,0,3
Askin,202326,0,0,0,0,0,0,0,6
Williamston,202326,0,0,0,0,0,0,0,6
Robersonville,202326,0,0,0,0,0,0,0,6
Macon Bacon,202326,0,0,0,0,0,0,0,3
Cimarron,202326,0,0,0,0,0,0,0,4
Cyclone,202326,0,0,0,0,0,0,0,3
Skyline,202326,0,0,0,0,0,0,0,3
Yuma,202326,0,0,0,0,0,0,0,2
SPG NC,202325,0,0,0,0,0,0,0,3
SPG VA,202325,0,0,0,0,0,0,0,3
Deercroft,202325,0,0,0,0,0,0,0,3
Laurel Hill,202325,0,0,0,0,0,0,0,3
Askin,202325,0,0,0,0,0,0,0,6
Williamston,202325,0,0,0,0,0,0,0,6
Robersonville,202325,0,0,0,0,0,0,0,6
Macon Bacon,202325,0,0,0,0,0,0,0,3
Cimarron,202325,0,0,0,0,0,0,0,4
Cyclone,202325,0,0,0,0,0,0,0,4
Skyline,202325,0,0,0,0,0,0,0,3
Yuma,202325,0,0,0,0,0,0,0,2
SPG NC,202324,0,0,0,0,0,0,0,3
SPG VA,202324,0,0,0,0,0,0,0,3
Deercroft,202324,0,0,0,0,0,0,0,3
Laurel Hill,202324,0,0,0,0,0,0,0,3
Askin,202324,0,0,0,0,0,0,0,6
Williamston,202324,0,0,0,0,0,0,0,6
Robersonville,202324,0,0,0,0,0,0,0,6
Macon Bacon,202324,0,0,0,0,0,0,0,3
Cimarron,202324,0,0,0,0,0,0,0,4
Cyclone,202324,0,0,0,0,0,0,0,4
Skyline,202324,0,0,0,0,0,0,0,3
Yuma,202324,0,0,0,0,0,0,0,2
SPG NC,202323,0,0,0,0,0,0,0,3
SPG VA,202323,0,0,0,0,0,0,0,3
Deercroft,202323,0,0,0,0,0,0,0,3
Laurel Hill,202323,0,0,0,0,0,0,0,3
Askin,202323,0,0,0,0,0,0,0,6
Williamston,202323,0,0,0,0,0,0,0,6
Robersonville,202323,0,0,0,0,0,0,0,6
Macon Bacon,202323,0,0,0,0,0,0,0,3
Cimarron,202323,0,0,0,0,0,0,0,3
Cyclone,202323,0,1,0,0,0,0,1,3
Skyline,202323,0,0,0,0,0,0,0,3
Yuma,202323,0,0,0,0,0,0,0,2
SPG NC,202322,0,0,0,0,0,0,0,3
SPG VA,202322,0,0,0,0,0,0,0,3
Deercroft,202322,0,0,0,0,0,0,0,3
Laurel Hill,202322,0,0,0,0,0,0,0,3
Askin,202322,0,0,0,0,0,0,0,6
Williamston,202322,0,0,0,0,0,0,0,6
Robersonville,202322,0,0,0,0,0,0,0,6
Macon Bacon,202322,0,0,0,0,0,0,0,3
Cimarron,202322,0,0,0,0,0,0,0,3
Cyclone,202322,0,0,0,0,0,0,0,3
Skyline,202322,0,0,0,0,0,0,0,3
Yuma,202322,0,0,0,0,0,0,0,2
SPG NC,202321,0,0,0,0,0,0,0,3
SPG VA,202321,0,0,0,0,0,0,0,3
Deercroft,202321,0,0,0,0,0,0,0,3
Laurel Hill,202321,0,0,0,0,0,0,0,3
Askin,202321,0,0,0,0,0,0,0,6
Williamston,202321,0,0,0,0,0,0,0,6
Robersonville,202321,0,0,0,0,0,0,0,6
Macon Bacon,202321,0,0,0,0,0,0,0,3
Cimarron,202321,0,0,0,0,0,0,0,5
Cyclone,202321,0,0,0,0,0,0,0,3
Skyline,202321,0,0,0,0,0,0,0,3
Yuma,202321,0,0,0,0,0,0,0,2
SPG NC,202320,0,0,0,0,0,0,0,3
SPG VA,202320,0,0,0,0,0,0,0,3
Deercroft,202320,0,0,0,0,0,0,0,3
Laurel Hill,202320,0,0,0,0,0,0,0,3
Askin,202320,0,0,0,0,1,0,1,6
Williamston,202320,0,0,0,0,0,0,0,6
Robersonville,202320,0,0,0,0,0,0,0,6
Macon Bacon,202320,0,0,0,0,0,0,0,3
Cimarron,202320,0,0,0,0,0,0,0,4
Cyclone,202320,0,0,0,0,0,0,0,3
Skyline,202320,0,0,0,0,0,0,0,3
Yuma,202320,0,0,0,0,0,0,0,2
SPG NC,202319,0,0,0,0,0,0,0,3
SPG VA,202319,0,0,0,0,0,0,0,3
Deercroft,202319,0,0,0,0,0,0,0,3
Laurel Hill,202319,0,0,0,0,0,0,0,3
Askin,202319,0,0,0,0,0,0,0,6
Williamston,202319,0,0,0,0,0,0,0,6
Robersonville,202319,0,0,0,0,0,0,0,6
Macon Bacon,202319,0,0,0,0,0,0,0,3
Cimarron,202319,0,0,0,0,0,0,0,4
Cyclone,202319,0,0,0,0,0,0,0,3
Skyline,202319,0,0,0,0,0,0,0,3
Yuma,202319,0,0,0,0,0,0,0,2
SPG NC,202318,0,0,0,0,0,0,0,3
SPG VA,202318,0,0,0,0,0,0,0,3
Deercroft,202318,0,0,0,0,0,0,0,3
Laurel Hill,202318,0,0,0,0,0,0,0,3
Askin,202318,0,0,0,0,0,0,0,6
Williamston,202318,0,0,0,0,0,0,0,6
Robersonville,202318,0,0,0,0,0,0,0,6
Macon Bacon,202318,0,0,0,0,0,0,0,3
Cimarron,202318,0,0,0,0,0,0,0,4
Cyclone,202318,0,0,0,0,0,0,0,3
Skyline,202318,0,0,0,0,0,0,0,3
Yuma,202318,0,0,0,0,0,0,0,2
SPG NC,202317,0,0,0,0,0,0,0,3
SPG VA,202317,0,0,0,0,0,0,0,3
Deercroft,202317,0,0,0,0,0,0,0,3
Laurel Hill,202317,0,0,0,0,1,0,1,3
Askin,202317,0,0,0,0,0,0,0,6
Williamston,202317,0,0,0,0,0,0,0,6
Robersonville,202317,0,0,0,0,0,0,0,6
Macon Bacon,202317,0,0,0,0,0,0,0,3
Cimarron,202317,0,0,0,0,0,0,0,4
Cyclone,202317,0,0,0,0,0,0,0,3
Skyline,202317,0,0,0,0,0,0,0,3
Yuma,202317,0,0,0,0,0,0,0,2
SPG NC,202316,0,0,0,0,0,1,1,3
SPG VA,202316,0,0,0,0,0,0,0,3
Deercroft,202316,0,0,0,0,0,0,0,3
Laurel Hill,202316,0,0,0,0,0,0,0,3
Askin,202316,0,0,0,0,0,0,0,6
Williamston,202316,0,0,0,0,0,0,0,6
Robersonville,202316,0,0,0,0,0,0,0,6
Macon Bacon,202316,0,0,0,0,0,0,0,3
Cimarron,202316,0,0,0,0,0,0,0,5
Cyclone,202316,0,0,1,0,0,0,1,3
Skyline,202316,0,0,0,0,0,0,0,3
Yuma,202316,0,0,0,0,0,0,0,2
SPG NC,202315,0,0,0,0,0,0,0,3
SPG VA,202315,0,0,0,0,0,0,0,3
Deercroft,202315,0,0,0,0,0,0,0,3
Laurel Hill,202315,0,0,0,0,0,0,0,3
Askin,202315,0,0,0,0,0,0,0,6
Williamston,202315,0,0,0,0,0,0,0,6
Robersonville,202315,0,0,0,0,0,0,0,6
Macon Bacon,202315,0,0,0,0,0,0,0,3
Cimarron,202315,0,0,0,0,0,0,0,5
Cyclone,202315,0,0,0,0,0,0,0,3
Skyline,202315,0,0,0,0,0,0,0,3
Yuma,202315,0,0,0,0,0,0,0,2
SPG NC,202314,0,0,0,0,0,0,0,3
SPG VA,202314,0,0,0,0,0,0,0,3
Deercroft,202314,0,0,0,0,0,0,0,3
Laurel Hill,202314,0,0,0,0,0,0,0,3
Askin,202314,0,0,0,0,0,0,0,6
Williamston,202314,0,0,0,0,0,0,0,6
Robersonville,202314,0,0,0,0,0,0,0,6
Macon Bacon,202314,0,0,0,0,0,0,0,3
Cimarron,202314,0,0,0,0,0,0,0,5
Cyclone,202314,0,0,0,0,0,0,0,3
Skyline,202314,0,0,0,0,0,0,0,3
Yuma,202314,0,0,0,0,0,0,0,2
SPG NC,202313,0,0,0,0,0,0,0,3
SPG VA,202313,0,0,0,0,0,0,0,3
Deercroft,202313,0,0,0,0,0,0,0,3
Laurel Hill,202313,0,0,0,0,0,0,0,3
Askin,202313,0,0,0,0,0,0,0,6
Williamston,202313,0,0,0,0,0,0,0,6
Robersonville,202313,0,0,0,0,0,0,0,6
Macon Bacon,202313,0,0,0,0,0,0,0,3
Cimarron,202313,0,0,0,0,0,0,0,5
Cyclone,202313,0,0,0,0,0,0,0,3
Skyline,202313,0,0,0,0,0,0,0,3
Yuma,202313,0,0,0,0,0,0,0,2
SPG NC,202312,0,0,0,0,0,0,0,3
SPG VA,202312,0,0,0,0,0,0,0,3
Deercroft,202312,0,0,0,0,0,0,0,3
Laurel Hill,202312,0,0,0,0,0,0,0,3
Askin,202312,0,0,0,0,0,0,0,6
Williamston,202312,0,0,0,0,0,0,0,6
Robersonville,202312,0,0,0,0,0,0,0,6
Macon Bacon,202312,0,0,0,0,0,0,0,3
Cimarron,202312,0,0,0,0,0,0,0,5
Cyclone,202312,0,1,0,0,0,0,1,3
Skyline,202312,0,0,0,0,0,0,0,3
Yuma,202312,0,0,0,0,0,0,0,2
SPG NC,202311,0,0,0,0,0,0,0,3
SPG VA,202311,0,0,0,0,0,0,0,3
Deercroft,202311,0,0,0,0,0,0,0,3
Laurel Hill,202311,0,0,0,0,0,0,0,3
Askin,202311,0,0,0,0,0,0,0,6
Williamston,202311,0,0,1,0,0,0,1,6
Robersonville,202311,0,0,0,0,0,0,0,6
Macon Bacon,202311,0,0,0,0,0,0,0,3
Cimarron,202311,0,0,0,0,0,0,0,5
Cyclone,202311,0,1,0,0,0,0,1,3
Skyline,202311,0,0,0,0,0,0,0,3
Yuma,202311,0,0,0,0,0,0,0,2
SPG NC,202310,0,0,0,0,0,0,0,3
SPG VA,202310,0,0,0,0,0,0,0,3
Deercroft,202310,0,0,0,0,0,0,0,3
Laurel Hill,202310,0,0,0,0,0,0,0,3
Askin,202310,0,0,0,0,0,0,0,6
Williamston,202310,0,0,1,0,0,0,1,6
Robersonville,202310,0,0,0,0,0,0,0,6
Macon Bacon,202310,0,0,0,0,0,0,0,3
Cimarron,202310,0,0,0,0,0,0,0,5
Cyclone,202310,0,0,0,0,0,0,0,3
Skyline,202310,0,0,0,0,0,0,0,3
Yuma,202310,0,0,0,0,0,0,0,2
SPG NC,202309,0,0,0,0,0,0,0,3
SPG VA,202309,0,0,0,0,0,0,0,3
Deercroft,202309,0,0,0,0,0,0,0,3
Laurel Hill,202309,0,0,0,0,0,0,0,3
Askin,202309,0,0,0,0,0,0,0,6
Williamston,202309,0,0,0,1,0,0,1,6
Robersonville,202309,0,0,0,0,0,0,0,6
Macon Bacon,202309,0,0,0,0,0,0,0,3
Cimarron,202309,0,0,0,0,0,0,0,5
Cyclone,202309,0,0,0,0,0,0,0,3
Skyline,202309,0,0,0,0,0,0,0,3
Yuma,202309,0,0,0,0,0,0,0,2
SPG NC,202308,0,0,0,0,0,0,0,3
SPG VA,202308,0,0,0,0,0,0,0,3
Deercroft,202308,0,0,0,0,0,0,0,3
Laurel Hill,202308,0,0,0,0,0,0,0,3
Askin,202308,0,0,0,0,0,0,0,6
Williamston,202308,0,0,0,0,0,0,0,6
Robersonville,202308,0,0,1,0,0,0,1,6
Macon Bacon,202308,0,0,0,0,0,0,0,3
Cimarron,202308,0,0,0,0,0,0,0,5
Cyclone,202308,0,0,0,0,0,0,0,3
Skyline,202308,0,0,0,0,1,0,1,3
Yuma,202308,0,0,0,0,0,0,0,2
SPG NC,202307,0,0,0,0,0,0,0,3
SPG VA,202307,0,0,0,0,0,0,0,3
Deercroft,202307,0,0,0,0,0,0,0,3
Laurel Hill,202307,0,0,0,0,0,0,0,3
Askin,202307,0,0,0,0,0,0,0,6
Williamston,202307,0,0,0,0,0,0,0,6
Robersonville,202307,0,1,0,0,0,0,1,6
Macon Bacon,202307,0,0,0,0,0,0,0,3
Cimarron,202307,0,0,0,0,0,0,0,5
Cyclone,202307,0,0,0,0,0,0,0,3
Skyline,202307,0,0,0,0,0,0,0,3
Yuma,202307,0,0,0,0,0,0,0,2
SPG NC,202306,0,0,0,0,0,0,0,3
SPG VA,202306,0,0,0,0,1,0,1,3
Deercroft,202306,0,0,0,0,0,0,0,3
Laurel Hill,202306,0,0,0,0,0,0,0,3
Askin,202306,0,0,0,0,0,0,0,6
Williamston,202306,0,0,0,0,0,0,0,6
Robersonville,202306,0,0,0,0,1,0,1,3
Macon Bacon,202306,0,0,0,0,0,0,0,6
Cimarron,202306,0,0,0,0,0,0,0,5
Cyclone,202306,0,0,0,0,0,0,0,3
Skyline,202306,0,0,0,0,0,0,0,3
Yuma,202306,0,0,0,0,0,0,0,2
SPG NC,202305,0,0,0,0,0,0,0,3
SPG VA,202305,0,0,0,1,0,0,1,3
Deercroft,202305,0,0,0,0,0,0,0,3
Laurel Hill,202305,0,0,0,0,0,0,0,3
Askin,202305,0,0,0,0,0,0,0,6
Williamston,202305,0,0,0,0,0,0,0,6
Robersonville,202305,0,0,0,1,0,0,1,3
Macon Bacon,202305,0,0,0,0,0,0,0,6
Cimarron,202305,0,0,0,0,0,0,0,5
Cyclone,202305,0,0,0,0,0,0,0,4
Skyline,202305,0,0,0,0,0,0,0,3
Yuma,202305,0,0,0,0,0,0,0,2
SPG NC,202304,0,0,0,0,0,0,0,3
SPG VA,202304,0,0,0,0,0,0,0,4
Deercroft,202304,0,0,0,0,0,0,0,3
Laurel Hill,202304,0,0,0,0,0,0,0,3
Askin,202304,0,0,0,0,0,0,0,6
Williamston,202304,0,0,0,0,0,0,0,6
Macon Bacon,202304,0,0,0,0,0,0,0,6
Cimarron,202304,0,0,0,0,0,0,0,5
Cyclone,202304,0,0,0,0,0,0,0,3
Skyline,202304,0,0,0,0,1,0,1,3
Yuma,202304,0,0,0,0,1,0,1,2
SPG NC,202303,0,0,0,0,0,0,0,3
SPG VA,202303,0,0,0,0,0,0,0,4
Deercroft,202303,0,0,0,0,0,0,0,3
Laurel Hill,202303,0,0,0,0,0,0,0,3
Askin,202303,0,0,0,0,0,0,0,6
Williamston,202303,0,0,0,0,0,0,0,6
Macon Bacon,202303,0,0,0,0,0,0,0,6
Cimarron,202303,0,0,0,0,0,0,0,5
Cyclone,202303,0,0,0,0,0,0,0,3
Skyline,202303,0,0,0,0,0,0,0,3
Yuma,202303,0,0,0,0,0,0,0,2
SPG NC,202302,0,0,0,0,0,0,0,3
SPG VA,202302,0,0,0,0,0,0,0,4
Deercroft,202302,0,0,0,0,0,0,0,3
Laurel Hill,202302,0,0,0,0,0,0,0,3
Askin,202302,0,0,0,0,0,0,0,6
Williamston,202302,0,0,0,0,0,0,0,6
Macon Bacon,202302,0,0,0,0,0,0,0,6
Cimarron,202302,0,0,0,0,0,0,0,5
Cyclone,202302,0,0,0,0,0,0,0,3
Skyline,202302,0,0,0,0,0,0,0,3
Yuma,202302,0,1,0,0,0,0,1,2
SPG NC,202301,0,0,0,0,0,0,0,3
SPG VA,202301,0,0,0,0,0,0,0,4
Deercroft,202301,0,0,0,0,0,0,0,3
Laurel Hill,202301,0,0,0,0,0,0,0,3
Askin,202301,0,0,0,0,0,0,0,6
Williamston,202301,0,0,0,0,0,0,0,6
Macon Bacon,202301,0,0,0,0,0,0,0,6
Cimarron,202301,0,0,0,0,0,0,0,4
Cyclone,202301,0,0,0,0,0,0,0,3
Skyline,202301,0,0,0,0,0,0,0,3
Yuma,202301,0,0,0,0,0,0,0,2
SPG NC,202252,0,0,0,0,0,0,0,3
SPG VA,202252,0,0,0,0,0,0,0,4
Deercroft,202252,0,1,0,0,0,0,1,3
Laurel Hill,202252,0,0,0,0,0,0,0,3
Askin,202252,0,0,0,0,0,0,0,6
Williamston,202252,0,0,0,0,0,0,0,6
Macon Bacon,202252,0,0,0,0,0,0,0,6
Cimarron,202252,0,0,0,0,0,0,0,4
Cyclone,202252,0,0,0,0,0,0,0,3
High Desert,202252,0,0,0,0,0,0,0,1
Skyline,202252,0,0,0,0,0,0,0,2
Yuma,202252,0,0,0,0,0,0,0,3
SPG NC,202251,0,0,0,0,0,0,0,3
SPG VA,202251,0,0,0,0,0,0,0,4
Deercroft,202251,0,0,0,0,0,0,0,3
Laurel Hill,202251,0,0,0,0,0,0,0,3
Askin,202251,0,0,0,0,0,0,0,6
Williamston,202251,0,0,0,0,0,0,0,6
Macon Bacon,202251,0,0,0,0,0,0,0,6
Cimarron,202251,0,0,0,0,0,0,0,4
Cyclone,202251,0,0,0,0,0,0,0,3
High Desert,202251,0,0,0,0,0,0,0,2
Skyline,202251,0,0,0,0,0,0,0,2
Yuma,202251,0,0,0,0,0,0,0,2
SPG NC,202250,0,0,0,0,0,0,0,3
SPG VA,202250,0,0,0,0,0,0,0,4
Deercroft,202250,0,0,0,0,0,0,0,3
Laurel Hill,202250,0,0,0,0,0,0,0,3
Askin,202250,0,0,0,0,0,0,0,6
Williamston,202250,0,0,0,0,0,0,0,6
Macon Bacon,202250,0,0,0,0,0,0,0,6
Cimarron,202250,0,0,0,0,0,0,0,5
Cyclone,202250,0,0,0,0,0,0,0,4
High Desert,202250,0,0,0,0,0,0,0,1
Skyline,202250,0,0,0,0,0,0,0,2
Yuma,202250,0,0,0,0,0,0,0,2
SPG NC,202249,0,0,0,0,0,0,0,3
SPG VA,202249,0,0,0,0,0,0,0,4
Deercroft,202249,0,0,0,0,0,0,0,3
Laurel Hill,202249,0,0,0,0,0,0,0,3
Askin,202249,0,0,0,0,0,0,0,6
Williamston,202249,0,1,0,0,0,0,1,6
Macon Bacon,202249,0,0,0,0,0,0,0,6
Cimarron,202249,0,0,0,0,0,0,0,5
Cyclone,202249,0,0,0,0,0,0,0,3
High Desert,202249,0,0,0,0,0,0,0,1
Skyline,202249,0,0,0,0,0,0,0,2
Yuma,202249,0,0,0,0,0,0,0,2
SPG NC,202248,0,0,0,0,0,0,0,3
SPG VA,202248,0,0,0,0,0,0,0,4
Deercroft,202248,0,0,0,0,0,0,0,3
Laurel Hill,202248,0,0,0,0,0,0,0,3
Askin,202248,0,0,0,0,0,0,0,6
Williamston,202248,0,0,0,0,0,0,0,6
Macon Bacon,202248,0,0,0,0,0,0,0,6
Cimarron,202248,0,0,0,0,0,0,0,5
Cyclone,202248,0,0,0,0,0,0,0,3
High Desert,202248,0,0,0,0,0,0,0,3
Skyline,202248,0,0,0,0,1,0,1,2
Yuma,202248,0,0,0,0,0,0,0,2
SPG NC,202247,0,0,0,0,0,0,0,3
SPG VA,202247,0,0,0,0,0,0,0,4
Deercroft,202247,0,0,0,0,0,0,0,3
Laurel Hill,202247,0,0,0,0,0,0,0,3
Askin,202247,0,0,0,0,0,0,0,6
Williamston,202247,0,0,0,0,0,0,0,6
Macon Bacon,202247,0,0,0,0,0,0,0,6
Cimarron,202247,0,0,0,0,0,0,0,3
Cyclone,202247,0,0,0,0,0,0,0,3
High Desert,202247,0,0,0,0,0,0,0,2
Skyline,202247,0,0,0,0,0,0,0,2
Yuma,202247,0,0,0,0,0,0,0,2
SPG NC,202246,0,0,0,0,0,0,0,3
SPG VA,202246,0,0,0,0,0,0,0,4
Deercroft,202246,0,0,0,0,0,0,0,3
Laurel Hill,202246,0,0,0,0,0,0,0,3
Askin,202246,0,0,0,0,0,0,0,6
Williamston,202246,0,0,0,0,0,0,0,6
Macon Bacon,202246,0,0,0,0,0,0,0,6
Cimarron,202246,0,0,0,0,0,0,0,5
Cyclone,202246,0,1,0,0,0,0,1,3
High Desert,202246,1,0,0,0,0,0,1,1
Skyline,202246,0,0,0,0,0,0,0,2
Yuma,202246,0,0,0,0,1,0,0,2
SPG NC,202245,0,0,0,0,0,0,0,3
SPG VA,202245,0,0,0,0,0,0,0,4
SPG TX,202245,0,0,0,0,0,0,0,3
Deercroft,202245,0,0,0,0,0,0,0,3
Laurel Hill,202245,0,0,0,0,0,0,0,3
Askin,202245,0,0,0,0,0,0,0,6
Williamston,202245,0,0,0,0,0,0,0,6
Macon Bacon,202245,0,0,0,0,0,0,0,6
Cimarron,202245,0,0,0,0,0,0,0,5
Cyclone,202245,0,0,0,0,0,0,0,3
High Desert,202245,0,0,0,0,0,0,0,1
Skyline,202245,0,0,0,0,0,0,0,2
Yuma,202245,0,0,0,0,0,0,0,2
SPG NC,202244,0,0,0,0,0,0,0,3
SPG VA,202244,0,0,0,0,0,0,0,4
SPG TX,202244,0,0,0,0,0,0,0,3
Deercroft,202244,0,0,0,0,0,0,0,3
Laurel Hill,202244,0,0,0,0,0,0,0,3
Askin,202244,0,0,0,0,0,0,0,6
Williamston,202244,0,0,0,0,0,0,0,6
Macon Bacon,202244,0,0,0,0,0,0,0,6
Cimarron,202244,0,0,0,0,0,0,0,5
Cyclone,202244,0,0,0,0,1,0,1,3
High Desert,202244,0,0,0,0,0,0,0,2
Skyline,202244,0,0,0,0,0,0,0,2
Yuma,202244,0,0,0,0,0,0,0,2
SPG NC,202243,0,0,0,0,0,0,0,3
SPG VA,202243,0,0,0,0,0,0,0,4
SPG TX,202243,0,0,0,0,0,0,0,3
Deercroft,202243,0,0,0,0,0,0,0,3
Laurel Hill,202243,0,0,0,0,0,0,0,3
Askin,202243,0,0,0,0,0,0,0,6
Williamston,202243,0,0,1,0,0,0,1,6
Macon Bacon,202243,0,0,0,0,0,0,0,6
Cimarron,202243,0,0,0,0,0,0,0,5
Cyclone,202243,0,0,0,0,0,0,0,2
High Desert,202243,0,0,0,0,0,0,0,1
Skyline,202243,0,0,0,0,1,0,1,2
Yuma,202243,0,0,0,0,0,0,0,2
SPG NC,202242,0,0,0,0,0,0,0,3
SPG VA,202242,0,0,0,0,0,0,0,4
SPG TX,202242,0,0,0,0,0,0,0,3
Deercroft,202242,0,0,0,0,0,0,0,3
Laurel Hill,202242,0,0,0,0,0,0,0,3
Askin,202242,0,0,0,0,0,0,0,6
Williamston,202242,0,0,0,0,0,0,0,6
Macon Bacon,202242,0,0,0,0,0,0,0,6
Cimarron,202242,0,0,0,0,0,0,0,5
Cyclone,202242,0,0,0,0,0,0,0,3
High Desert,202242,0,0,0,0,0,0,0,1
Skyline,202242,0,0,0,0,0,0,0,2
Yuma,202242,0,0,0,0,0,0,0,2
SPG NC,202241,0,0,0,0,0,0,0,3
SPG VA,202241,0,0,0,0,0,0,0,4
SPG TX,202241,0,0,0,0,0,0,0,3
Deercroft,202241,0,0,0,0,0,0,0,3
Laurel Hill,202241,0,0,0,1,0,0,1,3
Askin,202241,0,0,0,0,0,0,0,6
Williamston,202241,0,0,0,0,0,0,0,6
Macon Bacon,202241,0,0,0,0,0,0,0,6
Cimarron,202241,0,0,0,0,0,0,0,4
Cyclone,202241,0,0,0,0,0,0,0,2
High Desert,202241,0,0,0,0,0,0,0,3
Skyline,202241,0,0,0,0,0,0,0,3
Yuma,202241,0,0,0,0,0,0,0,2
SPG NC,202240,0,0,0,0,0,0,0,3
SPG VA,202240,0,0,0,0,0,0,0,4
SPG TX,202240,0,0,0,0,0,0,0,3
Deercroft,202240,0,0,0,0,0,0,0,3
Laurel Hill,202240,0,0,0,0,0,0,0,3
Askin,202240,0,0,0,0,0,0,0,6
Williamston,202240,0,0,0,0,0,0,0,6
Macon Bacon,202240,0,0,1,0,0,0,1,6
Cimarron,202240,0,0,0,0,0,0,0,5
Cyclone,202240,0,0,0,0,0,0,0,3
High Desert,202240,0,0,0,0,0,0,0,3
Skyline,202240,0,0,0,0,0,0,0,2
Yuma,202240,0,0,0,0,0,0,0,2
SPG NC,202239,0,0,0,0,0,0,0,3
SPG VA,202239,0,0,0,0,0,0,0,4
SPG TX,202239,0,0,0,0,0,0,0,3
Deercroft,202239,0,0,0,0,0,0,0,3
Laurel Hill,202239,0,0,0,0,0,0,0,3
Askin,202239,0,0,0,0,0,0,0,6
Williamston,202239,0,0,0,0,0,0,0,6
Macon Bacon,202239,0,0,0,0,0,0,0,6
Cimarron,202239,0,0,0,0,0,0,0,4
Cyclone,202239,0,0,0,0,0,0,0,2
High Desert,202239,0,0,0,0,0,0,0,3
Skyline,202239,0,0,0,0,0,0,0,3
Yuma,202239,0,0,0,0,0,0,0,2
SPG NC,202238,0,0,0,0,0,0,0,3
SPG VA,202238,0,0,0,0,0,0,0,4
SPG TX,202238,0,0,0,0,0,0,0,3
Deercroft,202238,0,0,0,0,0,0,0,3
Laurel Hill,202238,0,0,0,0,0,0,0,3
Askin,202238,0,0,0,0,0,0,0,6
Williamston,202238,0,0,0,0,0,0,0,6
Macon Bacon,202238,0,0,0,0,0,0,0,6
Cimarron,202238,1,0,0,0,0,0,0,5
Cyclone,202238,1,0,0,0,0,0,0,3
High Desert,202238,0,0,0,0,0,0,0,4
Skyline,202238,0,0,0,0,0,0,0,2
Yuma,202238,0,0,0,0,0,0,0,2
SPG NC,202237,0,0,0,0,0,0,0,3
SPG VA,202237,0,0,0,0,0,0,0,4
SPG TX,202237,0,0,0,0,0,0,0,3
Deercroft,202237,0,0,0,0,0,0,0,3
Laurel Hill,202237,0,0,0,0,0,0,0,3
Askin,202237,0,0,0,0,0,0,0,6
Williamston,202237,0,0,0,0,0,0,0,6
Macon Bacon,202237,0,0,0,0,0,0,0,6
Cimarron,202237,0,0,0,0,0,0,0,5
Cyclone,202237,0,0,0,0,0,0,0,3
High Desert,202237,0,0,0,0,0,0,0,4
Skyline,202237,0,0,0,0,0,0,0,2
Yuma,202237,0,0,0,0,0,0,0,2
SPG NC,202236,0,0,0,0,0,0,0,3
SPG VA,202236,0,0,0,0,0,0,0,4
SPG TX,202236,0,0,0,0,0,0,0,3
Deercroft,202236,0,0,0,0,0,0,0,3
Laurel Hill,202236,0,0,0,0,0,0,0,3
Askin,202236,0,0,0,0,0,0,0,6
Williamston,202236,0,0,0,0,0,0,0,6
Macon Bacon,202236,0,0,0,0,0,0,0,6
Cimarron,202236,0,0,0,0,0,0,0,4
Cyclone,202236,0,0,0,0,0,0,0,2
High Desert,202236,0,0,0,0,0,0,0,3
Skyline,202236,0,0,0,0,0,0,0,3
Yuma,202236,0,0,0,0,0,0,0,2
SPG NC,202235,0,0,0,0,0,0,0,3
SPG VA,202235,0,0,0,0,0,0,0,4
SPG TX,202235,0,0,0,0,0,0,0,3
Deercroft,202235,0,0,0,0,0,0,0,3
Laurel Hill,202235,0,0,0,0,0,0,0,3
Askin,202235,0,0,0,0,0,0,0,6
Williamston,202235,0,0,0,0,0,0,0,6
Macon Bacon,202235,0,0,0,0,0,0,0,6
Cimarron,202235,0,0,0,0,0,0,0,5
Cyclone,202235,0,0,0,0,0,0,0,3
High Desert,202235,0,0,0,0,0,0,0,4
Skyline,202235,0,0,0,0,0,0,0,2
Yuma,202235,0,0,0,0,0,0,0,2
SPG NC,202234,0,0,0,0,0,0,0,3
SPG VA,202234,0,0,0,0,0,0,0,4
SPG TX,202234,0,0,0,0,0,0,0,3
Deercroft,202234,0,0,0,0,0,0,0,3
Laurel Hill,202234,0,0,0,0,0,0,0,3
Askin,202234,0,0,0,0,0,0,0,6
Williamston,202234,0,0,0,0,0,0,0,6
Macon Bacon,202234,0,0,0,0,0,0,0,6
Cimarron,202234,0,0,0,0,0,0,0,5
Cyclone,202234,0,0,0,0,0,0,0,4
High Desert,202234,0,0,0,0,0,0,0,4
Skyline,202234,0,0,0,0,0,0,0,2
Yuma,202234,0,1,0,0,0,0,1,2
SPG NC,202233,0,0,0,0,0,0,0,3
SPG VA,202233,0,0,0,0,0,0,0,4
SPG TX,202233,0,0,0,0,0,0,0,3
Deercroft,202233,0,0,0,0,0,0,0,3
Laurel Hill,202233,0,0,0,0,0,0,0,3
Askin,202233,0,0,0,0,0,0,0,6
Williamston,202233,0,0,0,0,0,0,0,6
Macon Bacon,202233,0,0,0,0,0,0,0,6
Cimarron,202233,0,0,0,0,0,0,0,5
Cyclone,202233,0,0,0,0,0,0,0,3
High Desert,202233,0,0,0,0,0,0,0,4
Skyline,202233,0,0,0,0,0,0,0,2
Yuma,202233,0,0,0,0,0,0,0,2
SPG NC,202232,0,0,0,0,0,0,0,3
SPG VA,202232,0,1,0,0,0,0,1,4
SPG TX,202232,0,0,0,0,0,0,0,3
Deercroft,202232,0,0,0,0,0,0,0,3
Laurel Hill,202232,0,0,0,0,0,0,0,3
Askin,202232,0,0,0,0,0,0,0,6
Williamston,202232,0,0,0,0,0,0,0,6
Macon Bacon,202232,0,0,0,0,0,0,0,6
Cimarron,202232,0,0,0,0,0,0,0,5
Cyclone,202232,0,0,1,0,0,0,1,3
High Desert,202232,0,0,0,0,0,0,0,4
Skyline,202232,0,0,0,0,0,0,0,2
Yuma,202232,0,0,0,0,0,0,0,2
SPG NC,202231,0,0,0,0,0,0,0,3
SPG VA,202231,0,0,0,0,0,0,0,4
SPG TX,202231,0,0,0,0,0,0,0,3
Deercroft,202231,0,0,0,0,0,0,0,3
Laurel Hill,202231,0,0,0,0,0,0,0,3
Askin,202231,0,0,0,0,0,0,0,6
Williamston,202231,0,0,0,0,0,0,0,6
Macon Bacon,202231,0,0,0,0,0,0,0,6
Cimarron,202231,0,0,0,0,0,0,0,5
Cyclone,202231,0,0,0,0,0,0,0,3
High Desert,202231,0,0,0,0,0,0,0,4
Skyline,202231,0,0,0,0,0,0,0,2
Yuma,202231,0,1,0,0,0,0,1,2
SPG NC,202230,0,0,0,0,0,0,0,3
SPG VA,202230,0,0,0,0,0,0,0,4
SPG TX,202230,0,0,0,0,0,0,0,3
Deercroft,202230,0,0,0,0,1,0,1,3
Laurel Hill,202230,0,0,0,0,0,0,0,3
Askin,202230,0,0,0,0,0,0,0,6
Williamston,202230,0,0,0,0,0,0,0,6
Macon Bacon,202230,0,0,0,0,0,0,0,6
Cimarron,202230,0,0,0,0,0,0,0,5
Cyclone,202230,0,0,0,0,0,0,0,2
High Desert,202230,0,0,0,0,0,0,0,4
Skyline,202230,0,0,0,0,0,0,0,2
Yuma,202230,0,0,0,0,0,0,0,2
SPG NC,202229,0,0,0,0,0,0,0,3
SPG VA,202229,0,0,0,0,0,0,0,4
SPG TX,202229,0,0,0,0,0,0,0,3
Deercroft,202229,0,0,0,0,0,0,0,3
Laurel Hill,202229,0,0,0,0,0,0,0,3
Askin,202229,0,0,0,0,0,0,0,6
Williamston,202229,0,0,0,0,0,0,0,6
Macon Bacon,202229,0,1,0,0,0,0,1,6
Cimarron,202229,0,0,0,0,0,0,0,5
Cyclone,202229,0,0,0,0,0,0,0,3
High Desert,202229,1,0,0,0,0,0,1,4
Skyline,202229,0,0,0,0,0,0,0,2
Yuma,202229,0,1,0,0,0,0,1,2
SPG NC,202228,0,0,0,0,0,0,0,3
SPG VA,202228,0,0,0,0,0,0,0,4
SPG TX,202228,0,0,0,0,0,0,0,3
Deercroft,202228,0,0,0,0,0,0,0,3
Laurel Hill,202228,0,0,0,0,0,0,0,3
Askin,202228,0,0,0,0,0,0,0,6
Williamston,202228,0,0,0,0,0,0,0,6
Macon Bacon,202228,0,0,0,0,0,0,0,3
Cimarron,202228,0,0,0,0,0,0,0,5
Cyclone,202228,0,0,0,0,0,0,0,3
High Desert,202228,1,0,0,0,0,0,1,4
Skyline,202228,0,0,0,0,0,0,0,2
Yuma,202228,0,0,0,0,0,0,0,2
SPG NC,202227,0,0,0,0,0,0,0,3
SPG VA,202227,0,0,0,0,0,0,0,4
SPG TX,202227,0,0,0,0,0,0,0,3
Deercroft,202227,0,0,0,0,0,0,0,3
Laurel Hill,202227,0,0,0,0,0,0,0,3
Askin,202227,0,0,0,0,0,0,0,6
Williamston,202227,0,0,0,0,0,0,0,6
Macon Bacon,202227,0,0,0,0,0,0,0,3
Cimarron,202227,0,0,0,0,0,0,0,4
Cyclone,202227,0,0,0,0,0,0,0,3
High Desert,202227,0,0,0,0,0,0,0,3
Skyline,202227,0,0,0,0,0,0,0,3
Yuma,202227,0,0,0,0,0,0,0,2
SPG NC,202226,0,0,0,0,0,0,0,3
SPG VA,202226,0,0,0,0,0,0,0,4
SPG TX,202226,0,0,0,0,0,0,0,3
Deercroft,202226,0,0,0,0,0,0,0,3
Laurel Hill,202226,0,0,0,0,0,0,0,3
Askin,202226,0,0,0,0,0,0,0,6
Williamston,202226,0,0,0,0,0,0,0,6
Macon Bacon,202226,0,0,0,0,0,0,0,3
Cimarron,202226,0,0,0,0,0,0,0,5
Cyclone,202226,0,0,0,0,0,0,0,3
High Desert,202226,0,0,0,0,0,0,0,4
Skyline,202226,0,0,0,0,0,0,0,3
Yuma,202226,0,0,0,0,0,0,0,2
SPG NC,202225,0,0,0,0,0,0,0,3
SPG VA,202225,0,0,0,0,0,0,0,4
SPG TX,202225,0,0,0,0,0,0,0,3
Deercroft,202225,0,0,0,0,0,0,0,3
Laurel Hill,202225,0,0,1,0,0,0,1,3
Askin,202225,0,0,0,0,0,0,0,6
Williamston,202225,0,0,0,0,0,0,0,6
Macon Bacon,202225,0,0,0,0,0,0,0,3
Cimarron,202225,1,0,0,0,0,0,1,5
Cyclone,202225,0,0,0,0,0,0,0,4
High Desert,202225,0,0,0,0,0,0,0,4
Skyline,202225,0,0,0,0,0,0,0,3
Yuma,202225,0,0,0,0,0,0,0,2
SPG NC,202224,0,0,0,0,0,0,0,3
SPG VA,202224,0,0,0,0,0,0,0,4
SPG TX,202224,0,0,0,0,0,0,0,3
Deercroft,202224,0,0,0,0,0,0,0,3
Laurel Hill,202224,0,0,0,0,0,0,0,3
Askin,202224,0,0,0,0,0,0,0,6
Williamston,202224,0,0,0,0,0,0,0,6
Macon Bacon,202224,0,0,0,0,0,0,0,3
Cimarron,202224,0,0,0,0,0,0,0,5
Cyclone,202224,0,0,0,0,0,0,0,3
High Desert,202224,0,0,0,0,0,0,0,4
Skyline,202224,0,0,0,0,0,0,0,3
Yuma,202224,0,0,0,0,0,0,0,2
SPG NC,202223,0,0,0,0,0,0,0,3
SPG VA,202223,0,0,0,0,0,0,0,4
SPG TX,202223,0,0,0,0,0,0,0,3
Deercroft,202223,0,0,0,0,0,0,0,3
Laurel Hill,202223,0,0,0,0,0,0,0,3
Askin,202223,0,0,0,0,0,0,0,6
Williamston,202223,0,0,0,0,0,0,0,6
Macon Bacon,202223,0,0,0,0,0,0,0,3
Cimarron,202223,0,0,0,0,0,0,0,5
Cyclone,202223,0,0,0,0,0,0,0,4
High Desert,202223,0,0,0,0,0,0,0,4
Skyline,202223,0,0,0,0,0,0,0,3
Yuma,202223,0,0,0,0,0,0,0,2
SPG NC,202222,0,0,0,0,0,0,0,3
SPG VA,202222,0,0,0,0,0,0,0,4
SPG TX,202222,0,0,0,0,0,0,0,3
Deercroft,202222,0,0,0,0,0,0,0,3
Laurel Hill,202222,0,0,0,0,0,0,0,3
Askin,202222,0,0,0,0,0,0,0,6
Williamston,202222,0,0,0,0,0,0,0,6
Macon Bacon,202222,0,0,0,0,0,0,0,3
Cimarron,202222,0,0,0,0,0,0,0,4
Cyclone,202222,0,0,0,0,0,0,0,3
High Desert,202222,0,0,0,0,0,0,0,4
Skyline,202222,0,0,0,0,0,0,0,3
Yuma,202222,0,0,0,0,0,0,0,2
SPG NC,202221,0,0,0,0,0,0,0,3
SPG VA,202221,0,0,0,0,0,0,0,4
SPG TX,202221,0,0,0,0,0,0,0,3
Deercroft,202221,0,0,0,0,0,0,0,3
Laurel Hill,202221,0,0,0,0,1,0,1,3
Askin,202221,0,0,0,0,0,0,0,6
Williamston,202221,0,0,0,0,0,0,0,6
Macon Bacon,202221,0,0,0,0,0,0,0,3
Cimarron,202221,0,0,0,0,0,0,0,5
Cyclone,202221,0,0,0,0,0,0,0,3
High Desert,202221,0,0,0,0,0,0,0,3
Skyline,202221,0,0,0,0,0,0,0,3
Yuma,202221,0,0,0,0,0,0,0,2
SPG NC,202220,0,0,0,0,0,0,0,3
SPG VA,202220,0,0,0,0,0,0,0,4
SPG TX,202220,0,0,0,0,0,0,0,3
Deercroft,202220,0,0,0,0,0,0,0,3
Laurel Hill,202220,0,0,0,0,0,0,0,3
Askin,202220,0,0,0,0,0,0,0,6
Williamston,202220,0,0,0,0,0,0,0,6
Macon Bacon,202220,0,0,0,0,0,0,0,3
Cimarron,202220,0,0,0,0,0,0,0,5
Cyclone,202220,0,0,0,0,0,0,0,3
High Desert,202220,0,0,0,0,0,0,0,3
Skyline,202220,0,0,0,0,0,0,0,3
Yuma,202220,0,0,0,0,0,0,0,2
SPG NC,202219,0,0,0,0,0,0,0,3
SPG VA,202219,0,0,0,0,0,0,0,4
SPG TX,202219,0,0,0,0,0,0,0,3
Deercroft,202219,0,0,0,0,0,0,0,3
Laurel Hill,202219,0,0,0,0,0,0,0,3
Askin,202219,0,0,0,0,0,0,0,6
Williamston,202219,0,0,0,0,0,0,0,6
Macon Bacon,202219,0,0,0,0,0,0,0,3
Cimarron,202219,0,0,0,0,0,0,0,5
Cyclone,202219,0,0,0,0,0,0,0,3
High Desert,202219,0,0,0,0,0,0,0,3
Skyline,202219,0,0,0,0,0,0,0,3
Yuma,202219,0,1,0,0,0,0,1,2
SPG NC,202218,0,0,0,0,0,0,0,3
SPG VA,202218,0,0,0,0,0,0,0,4
SPG TX,202218,0,0,0,0,0,0,0,3
Deercroft,202218,0,0,0,0,0,0,0,3
Laurel Hill,202218,0,0,0,0,0,0,0,3
Askin,202218,0,0,0,0,0,0,0,6
Williamston,202218,0,0,0,0,0,0,0,6
Macon Bacon,202218,0,0,0,0,0,0,0,3
Cimarron,202218,0,0,0,0,0,0,0,5
Cyclone,202218,0,0,0,0,0,0,0,3
High Desert,202218,0,0,0,0,0,0,0,5
Skyline,202218,0,0,0,0,0,0,0,3
Yuma,202218,0,0,0,0,0,0,0,2
SPG NC,202217,0,0,0,0,0,0,0,3
SPG VA,202217,0,0,0,0,0,0,0,4
SPG TX,202217,0,0,0,0,0,0,0,3
Deercroft,202217,0,0,0,0,0,0,0,3
Laurel Hill,202217,0,0,0,0,0,0,0,3
Askin,202217,0,0,0,0,0,0,0,6
Williamston,202217,0,0,0,0,0,0,0,6
Macon Bacon,202217,0,0,0,0,0,0,0,3
Cimarron,202217,0,0,0,0,0,0,0,5
Cyclone,202217,0,0,0,0,0,0,0,3
High Desert,202217,0,0,0,0,0,0,0,5
Skyline,202217,0,0,0,0,0,0,0,3
Yuma,202217,0,0,0,0,0,0,0,2
SPG NC,202216,0,0,0,0,1,0,1,3
SPG VA,202216,0,0,0,0,0,0,0,4
SPG TX,202216,0,0,0,0,0,0,0,3
Deercroft,202216,0,0,0,0,0,0,0,3
Laurel Hill,202216,0,0,0,0,0,0,0,3
Askin,202216,0,0,0,0,0,0,0,6
Williamston,202216,0,0,0,0,0,0,0,6
Macon Bacon,202216,0,0,0,0,0,0,0,3
Cimarron,202216,0,0,0,0,0,0,0,5
Cyclone,202216,0,0,0,0,0,0,0,3
High Desert,202216,0,0,0,0,0,0,0,5
Skyline,202216,0,0,0,0,0,0,0,3
Yuma,202216,0,0,0,0,0,0,0,2
SPG NC,202215,0,0,0,0,0,0,0,3
SPG VA,202215,0,0,0,0,0,0,0,4
SPG TX,202215,0,0,0,0,0,0,0,3
Deercroft,202215,0,0,0,0,0,0,0,3
Laurel Hill,202215,0,0,0,0,0,0,0,3
Askin,202215,0,0,0,0,0,0,0,6
Williamston,202215,0,0,0,0,0,0,0,6
Macon Bacon,202215,0,0,0,0,0,0,0,3
Cimarron,202215,0,0,0,0,0,0,0,5
Cyclone,202215,0,0,0,0,0,0,0,3
High Desert,202215,0,0,0,0,0,0,0,3
Skyline,202215,0,0,0,0,0,0,0,3
Yuma,202215,0,0,0,0,0,0,0,2
SPG NC,202214,0,0,0,0,0,0,0,3
SPG VA,202214,0,0,0,0,0,0,0,4
SPG TX,202214,0,0,0,0,0,0,0,3
Deercroft,202214,0,0,0,0,0,0,0,3
Laurel Hill,202214,0,0,0,0,0,0,0,3
Askin,202214,0,0,0,0,0,0,0,6
Williamston,202214,0,0,1,0,0,0,1,6
Macon Bacon,202214,0,0,0,0,0,0,0,3
Cimarron,202214,0,0,0,0,0,0,0,5
Cyclone,202214,0,1,0,0,0,0,1,3
High Desert,202214,0,0,0,0,0,0,0,5
Skyline,202214,0,0,0,0,0,0,0,3
Yuma,202214,0,0,0,0,0,0,0,2
SPG NC,202213,0,0,0,0,0,0,0,3
SPG VA,202213,0,0,0,0,0,0,0,4
SPG TX,202213,0,0,0,0,0,0,0,3
Deercroft,202213,0,0,0,0,0,0,0,3
Laurel Hill,202213,0,0,0,0,0,0,0,3
Askin,202213,0,0,0,0,0,0,0,6
Williamston,202213,0,0,0,0,0,0,0,6
Macon Bacon,202213,0,0,0,0,0,0,0,3
Cimarron,202213,0,0,0,0,0,0,0,5
Cyclone,202213,0,0,0,0,0,0,0,4
High Desert,202213,0,0,0,0,0,0,0,5
Skyline,202213,0,0,0,0,0,0,0,3
Yuma,202213,0,0,0,0,0,0,0,2
SPG NC,202212,0,0,0,0,0,0,0,3
SPG VA,202212,0,0,0,0,0,0,0,4
SPG TX,202212,0,0,0,0,0,0,0,3
Deercroft,202212,0,0,0,0,0,0,0,3
Laurel Hill,202212,0,0,0,0,0,0,0,3
Askin,202212,0,0,0,0,0,0,0,6
Williamston,202212,0,0,0,0,0,0,0,6
Macon Bacon,202212,0,0,0,0,0,0,0,3
Cimarron,202212,0,0,0,0,0,0,0,5
Cyclone,202212,0,0,0,0,0,0,0,3
High Desert,202212,0,0,0,0,0,0,0,5
Skyline,202212,0,0,0,0,0,0,0,3
Yuma,202212,0,0,0,0,0,0,0,3
SPG NC,202211,0,0,0,0,0,0,0,3
SPG VA,202211,0,0,0,0,0,0,0,4
SPG TX,202211,0,0,0,0,0,0,0,3
Deercroft,202211,0,0,0,0,0,0,0,3
Laurel Hill,202211,0,0,0,0,0,0,0,3
Askin,202211,0,0,0,0,0,0,0,6
Williamston,202211,0,0,1,0,0,0,1,6
Macon Bacon,202211,0,0,0,0,0,0,0,3
Cimarron,202211,0,0,0,0,0,0,0,5
Cyclone,202211,0,0,0,0,0,0,0,3
High Desert,202211,0,0,0,0,0,0,0,4
Skyline,202211,0,0,0,0,0,0,0,3
Yuma,202211,0,1,0,0,0,0,1,3
SPG NC,202210,0,0,0,0,0,0,0,3
SPG VA,202210,0,0,0,0,0,0,0,4
SPG TX,202210,0,0,0,0,0,0,0,3
Deercroft,202210,0,0,0,0,0,0,0,3
Laurel Hill,202210,0,0,0,0,0,0,0,3
Askin,202210,0,0,0,0,0,0,0,6
Williamston,202210,0,0,0,0,0,0,0,6
Macon Bacon,202210,0,0,0,0,0,0,0,3
Cimarron,202210,0,0,0,0,0,0,0,5
Cyclone,202210,0,0,0,0,0,0,0,3
High Desert,202210,1,0,0,0,0,0,1,3
Skyline,202210,0,0,0,0,0,0,0,3
Yuma,202210,0,0,0,0,0,0,0,3
SPG NC,202209,0,0,1,0,0,0,1,3
SPG VA,202209,0,0,0,0,0,0,0,4
SPG TX,202209,0,0,0,0,0,0,0,3
Deercroft,202209,0,0,0,0,0,0,0,3
Laurel Hill,202209,0,0,0,0,0,0,0,3
Askin,202209,0,0,0,0,0,0,0,6
Williamston,202209,0,0,0,0,0,0,0,6
Macon Bacon,202209,0,0,0,0,1,0,1,3
Cimarron,202209,0,0,0,0,0,0,0,5
Cyclone,202209,0,0,0,0,0,0,0,4
High Desert,202209,0,0,0,0,0,0,0,3
Skyline,202209,0,0,0,0,0,0,0,3
Yuma,202209,0,0,0,0,0,0,0,3
SPG NC,202208,0,0,0,0,0,0,0,3
SPG VA,202208,0,0,0,0,0,0,0,4
SPG TX,202208,0,0,0,0,0,0,0,3
Deercroft,202208,0,0,0,0,0,0,0,3
Laurel Hill,202208,0,0,0,0,0,0,0,3
Askin,202208,0,0,0,0,0,0,0,6
Williamston,202208,0,0,0,0,0,0,0,6
Macon Bacon,202208,0,0,0,0,0,0,0,3
Cimarron,202208,0,0,0,0,0,0,0,5
Cyclone,202208,0,0,0,0,0,0,0,4
High Desert,202208,1,0,0,0,0,0,1,5
Skyline,202208,0,0,0,0,0,0,0,3
Yuma,202208,0,0,0,0,0,0,0,3
SPG NC,202207,0,0,0,0,0,0,0,3
SPG VA,202207,0,0,0,0,0,0,0,4
SPG TX,202207,0,0,0,0,0,0,0,3
Deercroft,202207,0,0,0,0,0,0,0,3
Laurel Hill,202207,0,0,0,0,0,0,0,3
Askin,202207,0,0,0,0,0,0,0,6
Williamston,202207,0,0,0,0,0,0,0,6
Macon Bacon,202207,0,0,0,0,0,0,0,3
Cimarron,202207,0,0,0,0,0,0,0,5
Cyclone,202207,0,0,0,0,0,0,0,3
High Desert,202207,1,0,0,0,0,0,1,3
Skyline,202207,0,0,0,0,0,0,0,3
Yuma,202207,0,1,0,0,0,0,1,3
SPG NC,202206,0,0,0,0,0,0,0,3
SPG VA,202206,0,0,0,0,0,0,0,4
SPG TX,202206,0,0,0,0,0,0,0,3
Deercroft,202206,0,0,0,0,0,0,0,3
Laurel Hill,202206,0,0,0,0,0,0,0,3
Askin,202206,0,0,0,0,0,0,0,6
Williamston,202206,0,0,0,0,0,0,0,6
Macon Bacon,202206,0,0,0,0,0,0,0,3
Cimarron,202206,0,0,0,0,0,0,0,5
Cyclone,202206,0,0,0,0,0,0,0,3
High Desert,202206,0,0,0,0,0,0,0,3
Skyline,202206,0,0,0,0,0,0,0,3
Yuma,202206,0,0,0,0,0,0,0,3
SPG NC,202205,0,0,0,0,0,0,0,3
SPG VA,202205,0,0,0,0,0,0,0,4
SPG TX,202205,0,0,0,0,0,0,0,3
Deercroft,202205,0,0,0,0,0,0,0,3
Laurel Hill,202205,0,0,0,0,0,0,0,3
Askin,202205,0,0,0,0,0,0,0,6
Williamston,202205,0,0,0,0,1,0,1,6
Macon Bacon,202205,0,0,0,0,0,0,0,3
Cimarron,202205,0,0,0,0,0,0,0,5
Cyclone,202205,0,0,0,0,0,0,0,3
High Desert,202205,0,0,0,0,0,0,0,3
Skyline,202205,0,0,0,0,0,0,0,3
Yuma,202205,0,0,0,0,0,0,0,3
SPG NC,202204,0,0,0,0,0,0,0,3
SPG VA,202204,0,0,0,0,0,0,0,4
SPG TX,202204,0,0,0,0,0,0,0,3
Deercroft,202204,0,0,0,0,0,0,0,3
Laurel Hill,202204,0,0,0,0,0,0,0,3
Askin,202204,0,0,0,0,0,0,0,6
Williamston,202204,0,0,0,1,0,0,1,6
Macon Bacon,202204,0,0,0,0,0,0,0,3
Cimarron,202204,0,0,0,0,0,0,0,5
Cyclone,202204,0,0,0,0,0,0,0,3
High Desert,202204,0,0,0,0,0,0,0,3
Skyline,202204,0,0,0,0,0,0,0,3
Yuma,202204,0,0,0,0,0,0,0,3
SPG NC,202203,0,0,0,0,0,0,0,3
SPG VA,202203,0,0,0,0,0,0,0,4
SPG TX,202203,0,0,0,0,0,0,0,3
Deercroft,202203,0,0,0,0,0,0,0,3
Laurel Hill,202203,0,0,0,0,0,0,0,3
Askin,202203,0,0,0,0,0,0,0,6
Williamston,202203,0,0,0,1,0,0,1,6
Macon Bacon,202203,1,0,0,0,0,0,1,3
Cimarron,202203,0,0,0,0,0,0,0,5
Cyclone,202203,0,0,0,0,0,0,0,3
High Desert,202203,0,0,0,0,0,0,0,3
Skyline,202203,0,0,0,0,0,0,0,3
Yuma,202203,0,0,0,0,0,0,0,3
SPG NC,202202,0,0,0,0,0,0,0,3
SPG VA,202202,0,0,0,0,0,0,0,4
SPG TX,202202,0,0,0,0,0,0,0,3
Deercroft,202202,0,0,0,0,0,0,0,3
Laurel Hill,202202,0,0,0,0,0,0,0,3
Askin,202202,0,0,0,0,0,0,0,6
Williamston,202202,0,0,0,0,0,0,0,6
Macon Bacon,202202,1,0,0,0,0,0,1,3
Cimarron,202202,0,0,0,0,0,0,0,5
Cyclone,202202,0,0,0,0,0,0,0,3
High Desert,202202,0,0,0,0,0,0,0,3
Princeton,202202,0,0,0,0,0,0,0,3
Skyline,202202,0,0,0,0,0,0,0,3
Yuma,202202,0,0,0,0,0,0,0,3
SPG NC,202201,0,0,0,0,0,0,0,3
SPG VA,202201,0,0,0,0,0,0,0,4
SPG TX,202201,0,0,0,0,0,0,0,3
Deercroft,202201,0,0,0,0,0,0,0,3
Laurel Hill,202201,0,0,0,0,0,0,0,3
Askin,202201,0,0,0,0,0,0,0,6
Williamston,202201,0,0,0,0,0,0,0,6
Robersonville,202201,0,0,0,0,0,0,0,6
Cimarron,202201,0,0,0,0,0,0,0,5
Cyclone,202201,0,1,0,0,0,0,1,3
High Desert,202201,0,0,0,0,0,0,0,3
Princeton,202201,0,0,0,0,0,0,0,3
Skyline,202201,0,0,0,0,2,0,2,3
Yuma,202201,0,0,0,0,0,0,0,2
SPG NC,202152,0,0,0,0,0,0,0,3
SPG VA,202152,0,0,0,0,0,0,0,4
SPG TX,202152,0,0,0,0,0,0,0,3
Deercroft,202152,0,0,0,0,0,0,0,3
Laurel Hill,202152,0,0,0,0,0,0,0,3
Askin,202152,0,0,0,0,0,0,0,6
Williamston,202152,0,0,0,0,0,0,0,6
Robersonville,202152,0,0,0,0,0,0,0,6
Cimarron,202152,0,0,0,0,0,0,0,4
Cyclone,202152,0,0,0,0,0,0,0,2
High Desert,202152,0,0,0,0,0,0,0,3
Princeton,202152,0,0,0,0,0,0,0,2
Skyline,202152,0,0,0,0,2,0,2,2
Yuma,202152,0,0,0,0,0,0,0,2
SPG NC,202151,0,0,0,0,0,0,0,3
SPG VA,202151,0,0,0,0,0,0,0,4
SPG TX,202151,0,0,0,0,0,0,0,3
Deercroft,202151,0,0,0,0,0,0,0,3
Laurel Hill,202151,0,0,0,0,0,0,0,3
Askin,202151,0,0,0,0,0,0,0,6
Williamston,202151,0,0,0,0,0,0,0,6
Robersonville,202151,0,0,0,0,0,0,0,6
Cimarron,202151,0,0,0,0,0,0,0,4
Cyclone,202151,0,0,1,0,0,0,1,3
High Desert,202151,0,0,0,0,1,0,1,3
Princeton,202151,0,0,0,0,0,0,0,3
Skyline,202151,0,0,0,0,0,0,0,3
Yuma,202151,0,0,0,0,0,0,0,2
SPG NC,202150,0,0,0,0,0,0,0,3
SPG VA,202150,0,0,0,0,0,0,0,4
SPG TX,202150,0,0,0,0,0,0,0,3
Deercroft,202150,0,0,0,0,0,0,0,3
Laurel Hill,202150,0,0,0,0,0,0,0,3
Askin,202150,0,0,0,0,0,0,0,6
Williamston,202150,0,0,0,0,0,0,0,6
Robersonville,202150,0,0,0,0,0,0,0,6
Cimarron,202150,0,0,0,0,0,0,0,5
Cyclone,202150,0,0,0,0,0,0,0,3
High Desert,202150,0,0,0,0,0,0,0,3
Princeton,202150,0,0,0,0,0,0,0,3
Skyline,202150,0,0,0,0,0,0,0,3
Yuma,202150,1,0,0,0,0,0,1,3
SPG NC,202149,0,0,0,0,0,0,0,3
SPG VA,202149,0,0,0,0,0,0,0,4
SPG TX,202149,0,0,0,0,0,0,0,3
Deercroft,202149,0,0,0,0,0,0,0,3
Laurel Hill,202149,0,0,0,0,0,0,0,3
Askin,202149,0,0,0,0,0,0,0,6
Williamston,202149,0,0,0,0,0,0,0,6
Robersonville,202149,0,0,0,0,0,0,0,6
Cimarron,202149,0,0,0,0,0,0,0,5
Cyclone,202149,0,0,0,0,0,0,0,3
High Desert,202149,0,0,0,0,0,0,0,3
Princeton,202149,0,0,0,0,0,0,0,3
Skyline,202149,0,0,0,0,0,0,0,3
Yuma,202149,0,0,0,0,0,0,0,3
SPG NC,202148,0,0,0,0,0,0,0,3
SPG VA,202148,0,0,0,0,0,0,0,4
SPG TX,202148,0,0,0,0,0,0,0,3
Deercroft,202148,0,0,0,0,0,0,0,3
Laurel Hill,202148,0,0,0,0,0,0,0,3
Askin,202148,0,0,0,0,0,0,0,6
Williamston,202148,0,0,0,0,0,0,0,6
Robersonville,202148,0,0,0,0,0,0,0,6
Cimarron,202148,0,0,0,0,0,0,0,5
Cyclone,202148,0,0,0,0,0,0,0,3
High Desert,202148,0,0,0,0,0,0,0,4
Princeton,202148,0,0,0,0,0,0,0,4
Skyline,202148,0,0,0,0,0,0,0,3
Yuma,202148,0,0,0,0,0,0,0,3
SPG NC,202147,0,0,0,0,0,0,0,3
SPG VA,202147,0,0,0,0,0,0,0,4
SPG TX,202147,0,0,0,0,0,0,0,3
Deercroft,202147,0,0,0,0,0,0,0,3
Laurel Hill,202147,0,0,0,0,0,0,0,3
Askin,202147,0,0,0,0,0,0,0,6
Williamston,202147,0,0,0,0,0,0,0,6
Robersonville,202147,0,0,0,0,0,0,0,6
Cimarron,202147,0,0,0,0,0,0,0,3
Cyclone,202147,0,0,0,0,0,0,0,3
High Desert,202147,0,1,0,0,0,0,1,2
Princeton,202147,0,0,0,0,0,0,0,3
Skyline,202147,0,0,0,0,0,0,0,2
Yuma,202147,0,0,0,0,0,0,0,2
SPG NC,202146,0,0,0,0,0,0,0,3
SPG VA,202146,0,0,0,0,0,0,0,4
SPG TX,202146,0,0,0,0,0,0,0,3
Deercroft,202146,0,0,0,0,0,0,0,3
Laurel Hill,202146,0,0,0,0,0,0,0,3
Askin,202146,0,0,0,0,0,0,0,6
Williamston,202146,0,0,0,0,0,0,0,6
Robersonville,202146,0,0,0,0,0,0,0,6
Cimarron,202146,0,0,0,0,0,0,0,4
Cyclone,202146,0,0,0,0,0,0,0,4
High Desert,202146,0,0,0,0,0,0,0,3
Princeton,202146,0,0,0,0,0,0,0,4
Skyline,202146,0,0,0,0,0,0,0,3
Yuma,202146,1,0,0,0,0,0,1,3
SPG NC,202145,0,0,0,0,0,0,0,3
SPG VA,202145,0,0,0,0,0,0,0,4
SPG TX,202145,0,0,0,0,0,0,0,3
Deercroft,202145,0,0,0,0,0,0,0,3
Laurel Hill,202145,0,0,0,0,0,0,0,3
Askin,202145,0,0,0,0,0,0,0,6
Williamston,202145,0,0,0,0,0,0,0,6
Robersonville,202145,0,0,0,0,0,0,0,6
Cimarron,202145,0,0,0,0,0,0,0,4
Cyclone,202145,0,0,0,0,1,0,1,4
High Desert,202145,0,0,0,0,0,0,0,3
Princeton,202145,0,0,0,0,0,0,0,4
Skyline,202145,0,0,0,0,0,0,0,3
Yuma,202145,0,0,0,0,0,0,0,3
SPG NC,202144,0,0,0,0,0,0,0,3
SPG VA,202144,0,0,0,0,0,0,0,4
SPG TX,202144,0,0,0,0,0,0,0,3
Deercroft,202144,0,0,0,0,0,0,0,3
Laurel Hill,202144,0,0,0,0,0,0,0,3
Askin,202144,0,0,0,0,0,0,0,6
Williamston,202144,0,0,0,0,0,0,0,6
Robersonville,202144,0,0,0,0,0,0,0,6
Cimarron,202144,0,0,0,0,0,0,0,4
Cyclone,202144,0,0,0,0,0,0,0,4
High Desert,202144,1,0,0,0,0,0,1,4
Princeton,202144,0,0,0,0,0,0,0,4
Skyline,202144,0,0,0,0,1,0,1,3
Yuma,202144,0,1,0,0,0,0,1,3
SPG NC,202143,0,0,0,0,0,0,0,3
SPG VA,202143,0,0,0,0,0,0,0,4
SPG TX,202143,0,0,0,0,0,0,0,3
Deercroft,202143,0,0,0,0,0,0,0,3
Laurel Hill,202143,0,0,0,0,0,0,0,3
Askin,202143,0,0,0,0,0,0,0,6
Williamston,202143,0,0,0,0,0,0,0,6
Robersonville,202143,0,0,0,0,0,0,0,6
Cimarron,202143,0,0,0,0,0,0,0,5
Cyclone,202143,0,0,0,0,0,0,0,3
High Desert,202143,0,0,0,0,0,0,0,3
Princeton,202143,1,0,0,0,0,0,1,4
Skyline,202143,0,0,0,0,0,0,0,3
Yuma,202143,0,0,0,0,0,0,0,3
SPG NC,202142,0,0,0,0,0,0,0,3
SPG VA,202142,0,0,0,0,0,0,0,4
SPG TX,202142,0,0,0,0,0,0,0,3
Deercroft,202142,0,0,0,0,0,0,0,3
Laurel Hill,202142,0,0,0,0,0,0,0,3
Askin,202142,0,0,0,0,0,0,0,6
Williamston,202142,0,0,0,0,0,0,0,6
Robersonville,202142,0,0,0,0,0,0,0,6
Cimarron,202142,0,0,0,0,0,0,0,4
Cyclone,202142,0,0,0,0,0,0,0,4
High Desert,202142,1,0,0,0,0,0,1,3
Princeton,202142,0,0,0,0,0,0,0,4
Skyline,202142,0,0,0,0,0,0,0,3
Yuma,202142,0,1,0,0,0,0,1,3
SPG NC,202141,0,0,0,0,0,0,0,3
SPG VA,202141,0,0,0,0,0,0,0,4
SPG TX,202141,0,0,0,0,0,0,0,3
Deercroft,202141,0,0,0,0,0,0,0,3
Laurel Hill,202141,0,0,0,0,0,0,0,3
Askin,202141,0,0,0,0,0,0,0,6
Williamston,202141,0,0,0,0,0,0,0,6
Robersonville,202141,0,0,0,0,0,0,0,6
Cimarron,202141,1,0,0,0,0,0,1,4
Cyclone,202141,0,0,0,0,0,0,0,4
High Desert,202141,0,0,0,0,0,0,0,4
Princeton,202141,0,0,0,0,0,0,0,4
Skyline,202141,0,1,0,0,0,0,1,3
Yuma,202141,0,0,0,0,0,0,0,3
SPG NC,202140,0,0,0,0,0,0,0,3
SPG VA,202140,0,0,0,0,0,0,0,4
SPG TX,202140,0,0,0,0,0,0,0,3
Deercroft,202140,0,0,0,0,0,0,0,3
Laurel Hill,202140,0,0,0,0,0,0,0,3
Askin,202140,0,0,0,0,0,0,0,6
Williamston,202140,0,0,0,0,0,0,0,6
Robersonville,202140,0,0,0,0,0,0,0,6
Cimarron,202140,0,0,0,0,0,0,0,4
Cyclone,202140,0,0,0,0,0,0,0,4
High Desert,202140,0,0,0,0,0,0,0,1
Princeton,202140,0,0,0,0,0,0,0,4
Skyline,202140,0,0,0,0,0,0,0,3
Yuma,202140,0,0,0,0,0,0,0,3
SPG NC,202139,0,0,0,0,0,0,0,3
SPG VA,202139,0,0,0,0,0,0,0,4
SPG TX,202139,0,0,0,0,0,0,0,3
Deercroft,202139,0,0,0,0,0,0,0,3
Laurel Hill,202139,0,0,0,0,0,0,0,3
Askin,202139,0,0,0,0,0,0,0,6
Williamston,202139,0,0,0,0,0,0,0,6
Robersonville,202139,0,0,0,0,0,0,0,6
Cimarron,202139,0,0,0,0,0,0,0,4
Cyclone,202139,0,0,0,0,0,0,0,4
High Desert,202139,0,0,0,0,0,0,0,3
Princeton,202139,0,0,0,0,0,0,0,4
Skyline,202139,0,0,0,0,0,0,0,3
Yuma,202139,0,0,0,0,0,0,0,3
SPG NC,202138,0,0,0,0,0,0,0,3
SPG VA,202138,0,0,0,0,0,0,0,4
SPG TX,202138,0,0,0,0,0,0,0,3
Deercroft,202138,0,0,0,0,0,0,0,3
Laurel Hill,202138,0,0,0,0,0,0,0,3
Askin,202138,0,0,0,0,0,0,0,6
Williamston,202138,0,0,0,0,0,0,0,6
Robersonville,202138,0,0,0,0,0,0,0,6
Cimarron,202138,0,0,0,0,0,0,0,4
Cyclone,202138,0,0,0,0,0,0,0,4
High Desert,202138,1,0,0,0,0,0,1,3
Princeton,202138,0,0,0,0,0,0,0,4
Skyline,202138,0,0,0,0,0,0,0,3
Yuma,202138,0,0,0,0,0,0,0,3
SPG NC,202137,0,0,0,0,0,0,0,3
SPG VA,202137,0,0,0,0,0,0,0,4
SPG TX,202137,0,0,0,0,0,0,0,3
Deercroft,202137,0,0,0,0,0,0,0,3
Laurel Hill,202137,0,0,0,0,0,0,0,3
Askin,202137,0,0,0,0,0,0,0,6
Williamston,202137,0,0,0,0,0,0,0,6
Robersonville,202137,0,0,0,0,0,0,0,6
Cimarron,202137,0,0,0,0,0,0,0,4
Cyclone,202137,0,0,0,0,0,0,0,4
High Desert,202137,0,0,0,0,0,0,0,3
Princeton,202137,0,0,0,0,0,0,0,4
Skyline,202137,0,1,0,0,0,0,1,3
Yuma,202137,0,1,0,0,0,0,1,3
SPG NC,202136,0,0,0,0,0,0,0,3
SPG VA,202136,0,0,0,0,0,0,0,4
SPG TX,202136,0,0,0,0,0,0,0,3
Deercroft,202136,0,0,0,0,0,0,0,3
Laurel Hill,202136,0,0,0,0,0,0,0,3
Askin,202136,0,0,0,0,0,0,0,6
Williamston,202136,0,0,0,0,0,0,0,6
Robersonville,202136,0,0,0,0,0,0,0,6
Cimarron,202136,0,0,0,0,0,0,0,4
Cyclone,202136,0,0,0,0,0,0,0,4
High Desert,202136,0,0,0,0,0,0,0,3
Princeton,202136,1,0,0,0,0,0,1,4
Skyline,202136,0,0,0,0,0,0,0,3
Yuma,202136,0,2,0,0,0,0,2,3
SPG NC,202135,0,0,0,0,0,0,0,3
SPG VA,202135,0,0,0,0,0,0,0,4
SPG TX,202135,0,0,0,0,0,0,0,3
Deercroft,202135,0,0,0,0,0,0,0,3
Laurel Hill,202135,0,0,0,0,0,0,0,3
Askin,202135,0,0,0,0,0,0,0,6
Williamston,202135,0,0,0,0,0,0,0,6
Robersonville,202135,0,0,0,0,0,0,0,6
Cimarron,202135,0,0,0,0,0,0,0,4
Cyclone,202135,0,0,0,0,0,0,0,4
High Desert,202135,0,0,0,0,0,0,0,3
Princeton,202135,1,0,0,0,0,0,1,4
Skyline,202135,1,0,0,0,0,0,1,3
Yuma,202135,0,0,0,0,0,0,0,3
SPG NC,202134,0,0,0,0,0,0,0,3
SPG VA,202134,0,0,0,0,0,0,0,4
SPG TX,202134,0,0,0,0,0,0,0,3
Deercroft,202134,0,0,0,0,0,0,0,3
Laurel Hill,202134,0,0,0,0,0,0,0,3
Askin,202134,0,0,0,0,0,0,0,6
Williamston,202134,0,0,0,0,0,1,1,6
Robersonville,202134,0,0,0,0,0,0,0,6
Cimarron,202134,0,0,0,0,0,0,0,4
Cyclone,202134,0,0,0,0,0,0,0,4
High Desert,202134,0,0,0,0,0,0,0,3
Princeton,202134,0,0,0,0,0,0,0,4
Skyline,202134,0,0,0,0,0,0,0,3
Yuma,202134,0,0,0,0,0,0,0,3
SPG NC,202133,0,0,0,0,0,0,0,3
SPG VA,202133,0,0,0,0,0,0,0,4
SPG TX,202133,0,0,0,0,0,0,0,3
Deercroft,202133,0,0,0,0,0,0,0,3
Laurel Hill,202133,0,0,0,0,0,0,0,3
Askin,202133,0,0,0,0,0,0,0,6
Williamston,202133,0,0,0,0,0,0,0,6
Robersonville,202133,0,0,0,0,0,0,0,6
Cimarron,202133,0,0,0,0,0,0,0,4
Cyclone,202133,0,0,0,0,0,0,0,4
High Desert,202133,0,0,0,0,0,0,0,3
Princeton,202133,0,1,0,0,0,0,1,4
Skyline,202133,0,0,0,0,0,0,0,3
Yuma,202133,0,1,0,0,0,0,1,3
SPG NC,202132,0,0,0,0,0,0,0,3
SPG VA,202132,0,0,0,0,0,0,0,4
SPG TX,202132,0,0,0,0,0,0,0,3
Deercroft,202132,0,0,0,0,0,0,0,3
Laurel Hill,202132,0,0,0,0,0,0,0,3
Askin,202132,0,0,0,0,0,0,0,6
Williamston,202132,0,0,0,0,0,0,0,6
Robersonville,202132,0,0,0,0,0,0,0,6
Cimarron,202132,0,0,0,0,0,0,0,4
Cyclone,202132,0,0,0,0,0,0,0,4
High Desert,202132,0,0,0,0,0,0,0,3
Princeton,202132,0,0,0,0,0,0,0,4
Skyline,202132,0,0,0,0,0,0,0,3
Yuma,202132,0,0,0,0,0,0,0,3
SPG NC,202131,0,0,0,0,0,0,0,3
SPG VA,202131,0,0,0,0,0,0,0,4
SPG TX,202131,0,0,0,0,0,0,0,3
Deercroft,202131,0,0,0,0,0,0,0,3
Laurel Hill,202131,0,0,0,0,0,0,0,3
Askin,202131,0,0,0,0,0,0,0,6
Williamston,202131,0,0,0,0,0,0,0,6
Robersonville,202131,0,0,1,0,0,0,1,6
Cimarron,202131,0,0,0,0,0,0,0,4
Cyclone,202131,0,0,0,0,0,0,0,4
High Desert,202131,0,0,0,0,0,0,0,3
Princeton,202131,0,0,0,0,0,0,0,4
Skyline,202131,0,0,0,0,0,0,0,3
Yuma,202131,1,0,0,0,0,0,1,3
SPG NC,202130,0,0,0,0,0,0,0,3
SPG VA,202130,0,0,0,0,0,0,0,4
SPG TX,202130,0,0,0,0,0,0,0,3
Deercroft,202130,0,0,0,0,0,0,0,3
Laurel Hill,202130,0,0,0,0,0,0,0,3
Askin,202130,0,0,0,0,0,0,0,6
Williamston,202130,0,0,0,0,0,0,0,6
Robersonville,202130,0,0,0,0,0,0,0,6
Cimarron,202130,0,0,0,0,0,0,0,4
Cyclone,202130,0,0,0,0,0,0,0,4
High Desert,202130,0,0,0,0,0,0,0,3
Princeton,202130,0,0,0,0,1,0,1,4
Skyline,202130,0,0,0,0,0,0,0,3
Yuma,202130,0,1,0,0,0,0,1,3
SPG NC,202129,0,0,0,0,0,0,0,3
SPG VA,202129,0,1,0,0,0,0,1,4
SPG TX,202129,0,0,0,0,0,0,0,3
Deercroft,202129,0,0,0,0,0,0,0,3
Laurel Hill,202129,0,0,0,0,1,0,1,3
Askin,202129,0,0,0,0,1,0,1,6
Williamston,202129,0,1,0,0,0,0,1,6
Robersonville,202129,0,0,0,0,0,0,0,6
Cimarron,202129,0,0,0,0,0,0,0,4
Cyclone,202129,0,0,0,0,0,0,0,4
High Desert,202129,0,0,0,0,0,0,0,3
Princeton,202129,2,0,0,0,1,0,3,4
Skyline,202129,0,0,0,0,1,0,1,3
Yuma,202129,0,0,0,0,0,0,0,2
SPG NC,202128,0,0,0,0,0,0,0,3
SPG VA,202128,0,0,0,0,0,0,0,3
SPG TX,202128,0,0,0,0,0,0,0,3
Deercroft,202128,0,0,0,0,0,0,0,3
Laurel Hill,202128,0,0,0,0,0,0,0,3
Askin,202128,0,0,0,0,0,0,0,6
Williamston,202128,0,0,0,0,0,0,0,6
Robersonville,202128,0,0,0,0,0,0,0,6
Cimarron,202128,0,0,0,0,0,0,0,4
Cyclone,202128,0,0,0,0,0,0,0,3
High Desert,202128,0,0,0,0,0,0,0,2
Princeton,202128,1,0,0,0,0,0,1,4
Skyline,202128,0,0,0,0,0,0,0,3
Yuma,202128,0,0,0,0,0,0,0,2
SPG NC,202127,0,0,0,0,0,0,0,3
SPG VA,202127,0,0,0,0,0,0,0,3
SPG TX,202127,0,0,0,0,0,0,0,3
Deercroft,202127,0,0,0,0,0,0,0,3
Laurel Hill,202127,0,0,0,0,0,0,0,3
Askin,202127,0,0,0,0,0,0,0,6
Williamston,202127,0,0,0,0,0,0,0,6
Robersonville,202127,0,0,1,0,0,0,1,6
Cimarron,202127,0,0,0,0,0,0,0,4
Cyclone,202127,0,0,0,0,0,0,0,3
High Desert,202127,0,0,0,0,0,0,0,2
Princeton,202127,0,0,0,0,0,0,0,4
Skyline,202127,0,0,0,0,0,0,0,3
Yuma,202127,0,0,0,0,0,0,0,2
SPG NC,202126,0,0,0,0,0,0,0,3
SPG VA,202126,0,0,0,0,0,0,0,3
SPG TX,202126,0,0,0,0,0,0,0,3
Deercroft,202126,0,0,0,0,0,0,0,3
Laurel Hill,202126,0,0,0,0,0,0,0,3
Askin,202126,0,0,0,0,0,0,0,6
Williamston,202126,0,0,0,0,0,0,0,6
Robersonville,202126,0,0,0,0,0,0,0,6
Cimarron,202126,0,0,0,0,0,0,0,4
Cyclone,202126,0,0,0,0,0,0,0,4
High Desert,202126,0,0,0,0,0,0,0,3
Princeton,202126,0,0,0,0,0,0,0,5
Skyline,202126,0,0,0,0,0,0,0,3
Yuma,202126,0,1,0,0,0,0,1,2
SPG NC,202125,0,0,0,0,0,0,0,3
SPG VA,202125,0,0,0,0,0,0,0,0
SPG TX,202125,0,0,0,0,0,0,0,3
Deercroft,202125,0,0,0,0,0,0,0,3
Laurel Hill,202125,0,0,0,0,0,0,0,3
Askin,202125,0,0,0,0,0,0,0,6
Williamston,202125,0,0,0,0,0,0,0,6
Robersonville,202125,0,0,0,0,0,0,0,6
Cimarron,202125,0,0,0,0,0,0,0,4
Cyclone,202125,0,0,0,0,0,0,0,4
High Desert,202125,1,0,0,0,0,0,1,3
Princeton,202125,0,0,0,0,0,0,0,5
Skyline,202125,0,0,0,0,0,0,0,4
Yuma,202125,0,0,0,0,0,0,0,2
SPG NC,202124,0,0,0,0,0,0,0,3
SPG VA,202124,0,0,0,0,0,0,0,0
SPG TX,202124,0,0,0,0,0,0,0,3
Deercroft,202124,0,0,0,0,0,0,0,3
Laurel Hill,202124,0,0,0,0,0,0,0,3
Askin,202124,0,1,0,0,0,0,1,6
Williamston,202124,0,0,0,0,0,0,0,6
Robersonville,202124,0,0,0,1,0,0,1,6
Cimarron,202124,0,0,0,0,0,0,0,4
Cyclone,202124,0,0,0,0,0,0,0,4
High Desert,202124,0,0,0,0,0,0,0,3
Princeton,202124,0,0,0,0,0,0,0,5
Skyline,202124,0,0,0,0,0,0,0,3
Yuma,202124,1,0,0,0,0,0,1,2
SPG NC,202123,0,0,0,0,0,0,0,3
SPG VA,202123,0,0,0,0,0,0,0,0
SPG TX,202123,0,0,0,0,0,0,0,3
Deercroft,202123,0,0,0,0,0,0,0,3
Laurel Hill,202123,0,0,0,0,0,0,0,3
Askin,202123,0,0,0,0,0,0,0,6
Williamston,202123,0,0,0,0,0,0,0,6
Robersonville,202123,0,0,0,1,0,0,1,6
Cimarron,202123,0,0,0,0,0,0,0,4
Cyclone,202123,0,0,0,0,0,0,0,4
High Desert,202123,0,0,0,0,0,0,0,3
Princeton,202123,0,0,0,0,0,0,0,5
Skyline,202123,0,0,0,0,0,0,0,3
Yuma,202123,1,0,0,0,1,0,2,2
SPG NC,202122,0,0,0,0,0,0,0,3
SPG VA,202122,0,0,0,0,0,0,0,0
SPG TX,202122,0,0,0,0,0,0,0,3
Deercroft,202122,0,0,0,0,0,0,0,3
Laurel Hill,202122,0,0,0,0,0,0,0,3
Askin,202122,0,1,0,0,0,0,1,6
Williamston,202122,0,0,0,0,0,0,0,6
Robersonville,202122,0,0,0,0,0,0,0,6
Cimarron,202122,0,0,0,0,0,0,0,3
Cyclone,202122,0,0,0,0,0,0,0,3
High Desert,202122,0,0,0,0,0,0,0,2
Princeton,202122,0,0,0,0,0,0,0,4
Skyline,202122,0,0,0,0,0,0,0,3
Yuma,202122,0,0,0,0,0,0,0,2
SPG NC,202121,0,0,0,0,0,0,0,3
SPG VA,202121,0,0,0,0,0,0,0,0
SPG TX,202121,0,0,0,0,0,0,0,3
Deercroft,202121,0,0,0,0,0,0,0,3
Laurel Hill,202121,0,0,0,0,0,0,0,3
Askin,202121,0,0,0,0,0,0,0,6
Williamston,202121,0,0,0,0,0,0,0,6
Robersonville,202121,0,0,0,0,0,0,0,6
Cimarron,202121,0,0,0,0,0,0,0,5
Cyclone,202121,0,0,0,0,0,0,0,4
High Desert,202121,0,0,0,0,0,0,0,3
Princeton,202121,0,0,0,0,0,0,0,5
Skyline,202121,0,0,0,0,0,0,0,3
Yuma,202121,0,0,0,0,0,0,0,2
SPG NC,202120,0,0,0,0,0,0,0,3
SPG VA,202120,0,0,0,0,0,0,0,0
SPG TX,202120,0,0,0,0,0,0,0,3
Deercroft,202120,0,0,0,0,0,0,0,3
Laurel Hill,202120,0,0,0,0,0,0,0,3
Askin,202120,0,0,0,0,0,0,0,6
Williamston,202120,0,0,0,0,0,0,0,6
Robersonville,202120,0,0,0,0,0,0,0,6
Cimarron,202120,0,0,0,0,0,0,0,4
Cyclone,202120,0,0,0,0,0,0,0,4
High Desert,202120,0,0,0,0,0,0,0,3
Princeton,202120,0,0,0,0,0,0,0,5
Skyline,202120,0,0,0,0,0,0,0,3
Yuma,202120,0,0,0,0,0,0,0,2
SPG NC,202119,0,0,0,0,0,0,0,3
SPG VA,202119,0,0,0,0,0,0,0,0
SPG TX,202119,0,0,0,0,0,0,0,3
Deercroft,202119,0,0,0,0,0,0,0,3
Laurel Hill,202119,0,0,0,0,0,0,0,3
Askin,202119,0,0,0,0,0,0,0,6
Williamston,202119,0,0,0,0,0,0,0,6
Robersonville,202119,0,0,0,0,0,0,0,6
Cimarron,202119,0,0,0,0,0,0,0,4
Cyclone,202119,0,0,0,0,0,0,0,4
High Desert,202119,0,0,0,0,0,0,0,3
Princeton,202119,0,0,0,0,0,0,0,5
Skyline,202119,0,0,0,0,0,0,0,3
Yuma,202119,0,1,0,0,0,0,1,2
SPG NC,202118,0,0,0,0,0,0,0,3
SPG VA,202118,0,0,0,0,0,0,0,0
SPG TX,202118,0,0,0,0,0,0,0,3
Deercroft,202118,0,0,0,0,0,0,0,3
Laurel Hill,202118,0,0,0,0,0,0,0,3
Askin,202118,0,0,0,0,0,0,0,6
Williamston,202118,0,0,0,0,0,0,0,6
Robersonville,202118,0,0,0,0,0,0,0,6
Cimarron,202118,0,0,0,0,0,0,0,4
Cyclone,202118,0,0,0,0,0,0,0,4
High Desert,202118,0,0,0,0,0,0,0,3
Princeton,202118,0,0,0,0,0,0,0,5
Skyline,202118,0,1,0,0,0,0,1,3
Yuma,202118,0,1,0,0,0,0,1,2
SPG NC,202117,0,0,0,0,0,0,0,3
SPG VA,202117,0,0,0,0,0,0,0,0
SPG TX,202117,0,0,0,0,0,0,0,3
Deercroft,202117,0,0,0,0,0,0,0,3
Laurel Hill,202117,0,0,0,0,0,0,0,3
Askin,202117,0,0,0,0,0,0,0,6
Williamston,202117,0,0,0,0,0,0,0,6
Robersonville,202117,0,0,0,0,0,0,0,6
Cimarron,202117,1,0,0,0,0,0,1,4
Cyclone,202117,0,0,0,0,0,0,0,4
High Desert,202117,1,0,0,0,0,0,1,3
Princeton,202117,0,0,0,0,0,0,0,5
Skyline,202117,0,0,0,0,0,0,0,3
Yuma,202117,0,1,0,0,0,0,1,2
SPG NC,202116,0,0,0,0,0,0,0,3
SPG VA,202116,0,0,0,0,0,0,0,0
SPG TX,202116,0,0,0,0,0,0,0,3
Deercroft,202116,0,0,0,0,0,0,0,3
Laurel Hill,202116,0,0,0,0,0,0,0,3
Askin,202116,0,0,0,0,0,0,0,6
Williamston,202116,0,0,0,0,0,0,0,6
Robersonville,202116,0,0,0,0,0,0,0,6
Cimarron,202116,0,0,0,0,0,0,0,4
Cyclone,202116,0,0,0,0,0,0,0,4
High Desert,202116,0,0,0,0,0,0,0,3
Princeton,202116,0,0,0,0,0,0,0,5
Skyline,202116,0,0,0,0,0,0,0,3
Yuma,202116,0,0,0,0,0,0,0,2
SPG NC,202115,0,0,0,0,0,0,0,3
SPG VA,202115,0,0,0,0,0,0,0,3
SPG TX,202115,0,0,0,0,0,0,0,3
Deercroft,202115,0,0,0,0,0,0,0,3
Laurel Hill,202115,0,0,0,0,0,0,0,3
Askin,202115,0,0,0,0,0,0,0,6
Williamston,202115,0,0,0,0,0,0,0,6
Robersonville,202115,0,0,0,0,0,0,0,6
Cimarron,202115,0,0,0,0,0,0,0,4
Cyclone,202115,1,0,0,0,0,0,1,4
High Desert,202115,0,0,0,0,0,0,0,3
Princeton,202115,0,0,0,0,0,0,0,5
Skyline,202115,0,0,0,0,0,0,0,4
Yuma,202115,0,0,1,0,0,0,1,2
SPG NC,202114,0,0,0,0,0,0,0,3
SPG VA,202114,0,0,0,0,0,0,0,3
SPG TX,202114,0,0,0,0,0,0,0,3
Deercroft,202114,0,0,0,0,0,0,0,3
Laurel Hill,202114,0,0,0,0,0,0,0,3
Askin,202114,0,0,0,0,0,0,0,6
Williamston,202114,0,0,0,0,0,0,0,6
Robersonville,202114,0,0,0,0,0,0,0,6
Cimarron,202114,2,0,0,0,0,0,2,4
Cyclone,202114,0,1,0,0,0,0,1,4
High Desert,202114,0,0,0,0,0,0,0,3
Princeton,202114,0,0,0,0,0,0,0,5
Skyline,202114,1,0,0,0,0,0,1,3
Yuma,202114,0,0,1,0,0,0,1,2
SPG NC,202113,0,0,0,0,0,0,0,3
SPG VA,202113,0,0,0,0,0,0,0,3
SPG TX,202113,0,0,0,0,0,0,0,3
Deercroft,202113,0,0,0,0,0,0,0,3
Laurel Hill,202113,0,0,0,1,0,0,1,3
Askin,202113,0,0,0,0,0,0,0,6
Williamston,202113,0,0,0,0,0,0,0,6
Robersonville,202113,0,1,0,0,0,1,2,6
Cimarron,202113,1,0,0,0,0,0,1,4
Cyclone,202113,0,0,0,0,0,0,0,4
High Desert,202113,1,0,0,0,0,0,1,3
Princeton,202113,0,0,0,0,0,0,0,5
Skyline,202113,0,0,0,0,0,0,0,3
Yuma,202113,0,0,0,0,0,0,0,2
SPG NC,202112,0,0,0,0,0,0,0,3
SPG VA,202112,0,0,0,0,0,0,0,3
SPG TX,202112,0,0,0,0,0,0,0,3
Deercroft,202112,0,0,0,0,0,0,0,3
Laurel Hill,202112,0,0,0,0,0,0,0,3
Askin,202112,0,0,0,0,0,0,0,6
Williamston,202112,0,0,0,0,0,0,0,6
Robersonville,202112,0,0,0,0,0,0,0,6
Cimarron,202112,0,0,0,0,0,0,0,4
Cyclone,202112,0,0,0,0,0,0,0,4
High Desert,202112,2,1,0,0,0,0,3,3
Princeton,202112,0,0,0,0,0,0,0,5
Skyline,202112,0,0,0,0,0,0,0,3
Yuma,202112,0,0,1,0,0,0,1,2
SPG NC,202111,0,0,0,0,0,0,0,3
SPG VA,202111,0,0,0,0,0,0,0,3
SPG TX,202111,0,0,0,0,0,0,0,3
Deercroft,202111,0,0,0,0,0,0,0,3
Laurel Hill,202111,0,0,0,0,0,0,0,3
Askin,202111,0,0,0,1,0,0,1,6
Williamston,202111,0,0,0,0,0,0,0,6
Robersonville,202111,0,0,0,0,0,0,0,6
Cimarron,202111,4,0,0,0,0,0,4,4
Cyclone,202111,0,0,0,0,0,0,0,4
High Desert,202111,0,0,0,0,0,0,0,3
Princeton,202111,0,0,0,0,0,0,0,5
Skyline,202111,0,0,0,0,0,0,0,3
Yuma,202111,1,0,0,0,0,0,1,2
SPG NC,202110,0,0,0,0,0,0,0,3
SPG VA,202110,0,0,0,0,0,0,0,3
SPG TX,202110,0,0,0,0,0,0,0,3
Deercroft,202110,0,0,0,0,0,0,0,3
Laurel Hill,202110,0,0,0,0,0,0,0,3
Askin,202110,0,0,0,0,0,0,0,6
Williamston,202110,0,0,0,0,0,0,0,6
Robersonville,202110,0,0,0,0,0,0,0,6
Cimarron,202110,0,0,0,0,0,0,0,4
Cyclone,202110,1,0,0,0,0,0,1,4
High Desert,202110,1,0,0,0,0,0,1,3
Princeton,202110,0,0,0,0,0,0,0,5
Skyline,202110,0,1,0,0,0,0,1,3
Yuma,202110,0,0,0,0,0,0,0,2
SPG NC,202109,0,0,0,0,0,0,0,3
SPG VA,202109,0,0,0,0,0,0,0,3
SPG TX,202109,0,0,0,0,0,0,0,3
Deercroft,202109,0,0,0,0,0,0,0,3
Laurel Hill,202109,0,0,0,0,0,0,0,3
Askin,202109,0,0,0,0,0,0,0,6
Williamston,202109,0,0,0,0,0,0,0,6
Robersonville,202109,0,0,0,0,0,0,0,6
Cimarron,202109,1,0,0,0,0,0,1,4
Cyclone,202109,0,0,0,0,0,0,0,4
High Desert,202109,0,0,0,0,0,0,0,3
Princeton,202109,0,0,0,0,0,0,0,5
Skyline,202109,0,0,0,0,0,0,0,3
Yuma,202109,0,0,0,0,0,0,0,2
SPG NC,202108,0,0,0,0,0,0,0,3
SPG VA,202108,0,0,0,0,0,0,0,3
SPG TX,202108,0,0,0,0,0,0,0,3
Deercroft,202108,0,0,0,0,0,0,0,3
Laurel Hill,202108,0,0,0,0,0,0,0,3
Askin,202108,0,0,0,0,0,0,0,6
Williamston,202108,0,0,0,0,0,0,0,6
Robersonville,202108,0,0,0,0,0,0,0,6
Cimarron,202108,0,0,0,0,0,0,0,4
Cyclone,202108,0,0,0,0,0,0,0,4
High Desert,202108,0,0,0,0,0,0,0,3
Princeton,202108,0,0,0,0,0,0,0,5
Skyline,202108,0,0,1,0,0,0,1,3
Yuma,202108,0,0,0,0,0,0,0,2
SPG NC,202107,0,0,0,0,0,0,0,3
SPG VA,202107,0,0,0,0,0,0,0,3
SPG TX,202107,0,0,0,0,0,0,0,3
Deercroft,202107,0,0,0,0,0,0,0,3
Laurel Hill,202107,0,0,0,0,0,0,0,3
Askin,202107,0,0,0,0,0,0,0,6
Williamston,202107,0,0,0,0,0,0,0,6
Robersonville,202107,0,0,0,0,0,0,0,6
Cimarron,202107,0,0,0,0,0,0,0,4
Cyclone,202107,0,0,0,0,0,0,0,5
High Desert,202107,0,0,0,0,0,0,0,3
Princeton,202107,0,0,0,0,0,0,0,5
Skyline,202107,0,0,0,0,0,0,0,3
Yuma,202107,0,0,0,0,0,0,0,2
SPG NC,202106,0,0,0,0,0,0,0,3
SPG VA,202106,0,0,0,0,0,0,0,3
SPG TX,202106,0,0,0,0,0,0,0,3
Deercroft,202106,0,0,0,0,0,0,0,3
Laurel Hill,202106,0,0,0,0,0,0,0,3
Askin,202106,0,0,0,0,0,0,0,6
Williamston,202106,0,0,0,0,0,0,0,6
Robersonville,202106,0,0,0,0,0,0,0,6
Cimarron,202106,0,0,0,0,0,0,0,4
Cyclone,202106,0,0,0,0,0,0,0,5
High Desert,202106,0,0,0,0,0,0,0,3
Princeton,202106,0,0,0,0,0,0,0,5
Skyline,202106,0,0,0,0,0,0,0,3
Yuma,202106,0,0,0,0,0,0,0,2
SPG NC,202105,0,0,0,0,0,0,0,3
SPG VA,202105,0,0,0,0,0,0,0,3
SPG TX,202105,0,0,0,0,0,0,0,3
Deercroft,202105,0,0,0,0,0,0,0,3
Laurel Hill,202105,0,0,0,0,0,0,0,3
Askin,202105,0,0,0,0,0,0,0,6
Williamston,202105,0,0,0,0,0,0,0,6
Robersonville,202105,0,0,0,0,0,0,0,6
Cimarron,202105,0,0,0,0,0,0,0,4
Cyclone,202105,0,0,0,0,0,0,0,4
High Desert,202105,0,0,0,0,0,0,0,3
Princeton,202105,0,0,1,0,0,0,1,5
Skyline,202105,0,1,0,0,0,0,1,3
Yuma,202105,0,0,0,0,0,0,0,2
SPG NC,202104,0,0,0,0,0,0,0,3
SPG VA,202104,0,0,0,0,0,0,0,3
SPG TX,202104,0,0,0,0,0,0,0,3
Deercroft,202104,0,0,0,0,0,0,0,3
Laurel Hill,202104,0,0,0,0,0,0,0,3
Askin,202104,0,0,0,0,0,0,0,6
Williamston,202104,0,0,0,0,0,0,0,6
Robersonville,202104,0,0,0,0,0,0,0,6
Cimarron,202104,2,0,0,0,0,0,2,4
Cyclone,202104,0,0,0,0,0,0,0,4
High Desert,202104,0,0,0,0,0,0,0,3
Princeton,202104,0,0,0,0,0,0,0,5
Skyline,202104,0,0,1,0,0,0,1,3
Yuma,202104,0,0,0,0,0,0,0,2
SPG NC,202103,0,0,0,0,0,0,0,3
SPG VA,202103,0,0,0,0,0,0,0,3
SPG TX,202103,0,0,0,0,0,0,0,3
Deercroft,202103,0,0,0,0,0,0,0,3
Laurel Hill,202103,0,0,0,0,0,0,0,3
Askin,202103,0,0,0,0,0,0,0,6
Williamston,202103,0,0,1,0,0,0,1,6
Robersonville,202103,0,0,0,0,0,0,0,6
Cimarron,202103,1,0,0,0,0,0,1,4
Cyclone,202103,0,0,0,0,0,0,0,4
High Desert,202103,0,0,0,0,0,0,0,3
Princeton,202103,0,1,0,0,0,0,1,5
Skyline,202103,0,0,1,0,0,0,1,3
Yuma,202103,0,0,0,0,0,0,0,2
SPG NC,202102,0,0,0,0,0,0,0,3
SPG VA,202102,0,0,0,0,0,0,0,3
SPG TX,202102,0,0,0,0,0,0,0,3
Deercroft,202102,0,0,0,0,0,0,0,3
Laurel Hill,202102,0,0,0,0,0,0,0,3
Askin,202102,0,0,0,0,0,0,0,6
Williamston,202102,0,0,0,0,0,0,0,6
Robersonville,202102,0,0,0,0,0,0,0,6
Cimarron,202102,0,0,0,0,0,0,0,5
Cyclone,202102,0,0,0,0,0,0,0,4
High Desert,202102,0,0,0,0,0,0,0,4
Princeton,202102,0,0,0,0,0,0,0,5
Skyline,202102,0,0,0,0,0,0,0,3
Yuma,202102,0,0,0,0,0,0,0,2
SPG NC,202101,0,0,1,0,0,0,1,3
SPG VA,202101,0,0,0,0,0,0,0,3
SPG TX,202101,0,0,0,0,0,0,0,3
Deercroft,202101,0,0,0,0,0,0,0,3
Laurel Hill,202101,0,0,0,0,0,0,0,3
Askin,202101,0,0,0,0,0,0,0,6
Williamston,202101,0,0,1,0,0,0,1,6
Robersonville,202101,0,0,0,0,0,0,0,6
Cimarron,202101,2,0,0,0,0,0,2,4
Cyclone,202101,0,0,0,0,0,0,0,4
High Desert,202101,0,0,0,0,0,0,0,4
Princeton,202101,0,0,0,0,0,0,0,4
Skyline,202101,0,0,0,0,0,0,0,2
Yuma,202101,0,0,0,0,0,0,0,2
SPG NC,202053,0,0,0,0,0,0,0,3
SPG VA,202053,0,0,0,0,0,0,0,3
SPG TX,202053,0,0,0,0,0,0,0,3
Deercroft,202053,0,0,0,0,0,0,0,3
Laurel Hill,202053,0,0,0,0,0,0,0,3
Askin,202053,0,0,0,0,0,0,0,6
Williamston,202053,0,0,0,0,0,0,0,6
Robersonville,202053,0,0,0,0,0,0,0,6
Cimarron,202053,1,0,0,0,0,0,1,3
Cyclone,202053,0,0,0,0,0,0,0,3
High Desert,202053,1,0,0,0,0,0,1,2
Princeton,202053,0,0,0,0,0,0,0,3
Skyline,202053,0,0,0,0,0,0,0,2
Yuma,202053,0,0,0,0,0,0,0,1
SPG NC,202052,0,0,0,0,0,0,0,3
SPG VA,202052,0,0,0,0,0,0,0,3
SPG TX,202052,0,0,0,0,0,0,0,3
Deercroft,202052,0,0,0,0,0,0,0,3
Laurel Hill,202052,0,0,0,0,0,0,0,3
Askin,202052,0,0,0,0,0,0,0,6
Williamston,202052,0,0,0,0,0,0,0,6
Robersonville,202052,0,0,0,0,0,0,0,6
Cimarron,202052,0,0,0,0,0,0,0,3
Cyclone,202052,0,0,0,0,0,0,0,3
High Desert,202052,0,0,0,0,0,0,0,2
Princeton,202052,0,0,0,0,0,0,0,3
Skyline,202052,0,0,0,0,0,0,0,2
Yuma,202052,0,0,0,0,0,0,0,1
SPG NC,202051,0,0,0,0,0,0,0,3
SPG VA,202051,0,0,0,0,0,0,0,3
SPG TX,202051,0,0,0,0,0,0,0,3
Deercroft,202051,0,0,0,0,0,0,0,3
Laurel Hill,202051,0,0,0,0,0,0,0,3
Askin,202051,0,0,0,0,0,0,0,6
Williamston,202051,0,0,0,0,0,0,0,6
Robersonville,202051,0,0,0,0,0,0,0,6
Cimarron,202051,2,0,0,0,0,0,2,4
Cyclone,202051,0,0,0,0,0,0,0,4
High Desert,202051,0,0,0,0,0,0,0,3
Princeton,202051,0,0,0,0,0,0,0,5
Skyline,202051,0,0,0,0,0,0,0,3
Yuma,202051,0,0,0,0,0,0,0,2
SPG NC,202050,0,0,0,0,0,0,0,3
SPG VA,202050,0,0,0,0,0,0,0,3
SPG TX,202050,0,0,0,0,0,0,0,3
Deercroft,202050,0,0,0,0,0,0,0,3
Laurel Hill,202050,0,0,0,0,0,0,0,3
Askin,202050,0,0,0,0,0,0,0,6
Williamston,202050,0,0,0,0,0,0,0,6
Robersonville,202050,0,0,0,0,0,0,0,6
Cimarron,202050,2,0,0,0,0,0,2,4
Cyclone,202050,0,0,0,0,0,0,0,4
High Desert,202050,0,0,0,0,0,0,0,3
Princeton,202050,0,0,0,0,0,0,0,5
Skyline,202050,0,0,0,0,0,0,0,3
Yuma,202050,0,1,0,0,0,0,1,2
SPG NC,202049,0,0,0,0,0,0,0,3
SPG VA,202049,0,0,0,0,0,0,0,3
SPG TX,202049,0,0,0,0,0,0,0,3
Deercroft,202049,0,0,0,0,0,0,0,3
Laurel Hill,202049,0,0,0,0,0,0,0,3
Askin,202049,0,0,0,0,0,0,0,6
Williamston,202049,0,0,0,0,0,0,0,6
Robersonville,202049,0,0,0,0,0,0,0,6
Cimarron,202049,0,0,0,0,0,0,0,4
Cyclone,202049,0,0,0,0,0,0,0,4
High Desert,202049,0,0,0,0,0,0,0,3
Princeton,202049,0,0,0,0,0,0,0,5
Skyline,202049,0,0,0,0,0,0,0,3
Yuma,202049,0,0,0,0,0,0,0,2
SPG NC,202048,0,0,0,0,0,0,0,3
SPG VA,202048,0,0,0,0,0,0,0,3
SPG TX,202048,0,0,0,0,0,0,0,3
Deercroft,202048,0,0,0,0,0,0,0,3
Laurel Hill,202048,0,0,0,0,0,0,0,3
Askin,202048,0,0,0,0,0,0,0,6
Williamston,202048,0,0,0,0,0,0,0,6
Robersonville,202048,0,0,0,0,0,0,0,6
Cimarron,202048,0,0,0,0,0,0,0,3
Cyclone,202048,0,0,0,0,0,0,0,3
High Desert,202048,0,0,0,0,0,0,0,3
Princeton,202048,0,0,0,0,0,0,0,2
Skyline,202048,0,0,0,0,0,0,0,2
Yuma,202048,0,0,0,0,0,0,0,2
SPG NC,202047,0,0,0,0,0,0,0,3
SPG VA,202047,0,0,0,0,0,0,0,3
SPG TX,202047,0,0,0,0,0,0,0,3
Deercroft,202047,0,0,0,0,0,0,0,3
Laurel Hill,202047,0,0,0,0,0,0,0,3
Askin,202047,0,0,0,0,0,0,0,6
Williamston,202047,0,0,0,0,0,0,0,6
Robersonville,202047,0,0,0,0,0,0,0,6
Cimarron,202047,1,1,0,0,0,0,2,4
Cyclone,202047,0,0,0,0,0,0,0,4
High Desert,202047,0,0,0,0,0,0,0,3
Princeton,202047,0,0,0,0,0,0,0,5
Skyline,202047,0,0,0,0,0,0,0,3
Yuma,202047,0,0,0,0,0,0,0,2
SPG NC,202046,0,0,0,0,0,0,0,3
SPG VA,202046,0,0,0,0,0,0,0,3
SPG TX,202046,0,0,0,0,0,0,0,3
Deercroft,202046,0,0,0,0,0,0,0,3
Laurel Hill,202046,0,0,0,0,0,0,0,3
Askin,202046,0,0,0,0,0,0,0,6
Williamston,202046,0,0,0,0,0,0,0,6
Robersonville,202046,0,0,0,0,0,0,0,6
Cimarron,202046,3,0,0,0,0,0,3,4
Cyclone,202046,0,0,0,0,0,0,0,4
High Desert,202046,0,0,0,0,0,0,0,3
Princeton,202046,0,0,0,0,0,0,0,5
Skyline,202046,0,2,0,0,0,0,2,3
Yuma,202046,0,0,1,0,0,0,1,2
SPG NC,202045,0,0,1,0,0,0,1,3
SPG VA,202045,0,0,0,0,0,0,0,3
SPG TX,202045,0,0,0,0,0,0,0,3
Deercroft,202045,0,0,0,0,0,0,0,3
Laurel Hill,202045,0,0,0,0,0,0,0,3
Askin,202045,0,0,0,0,0,0,0,6
Williamston,202045,0,1,0,0,0,0,1,6
Robersonville,202045,0,0,0,0,0,0,0,6
Cimarron,202045,3,0,0,0,0,0,3,4
Cyclone,202045,0,0,0,0,0,0,0,4
High Desert,202045,0,0,0,0,0,0,0,3
Princeton,202045,0,0,0,0,0,0,0,5
Skyline,202045,0,0,0,0,0,0,0,3
Yuma,202045,0,0,0,0,0,0,0,2
SPG NC,202044,0,0,0,0,0,0,0,3
SPG VA,202044,0,0,0,0,0,0,0,3
SPG TX,202044,0,0,0,0,0,0,0,3
Deercroft,202044,0,0,0,0,0,0,0,3
Laurel Hill,202044,0,0,0,0,0,0,0,3
Askin,202044,0,0,0,0,0,0,0,6
Williamston,202044,0,0,1,0,0,0,1,6
Robersonville,202044,0,0,0,0,0,0,0,6
Cimarron,202044,0,0,0,0,0,0,0,4
Cyclone,202044,0,0,0,0,0,0,0,4
High Desert,202044,0,0,0,0,0,0,0,3
Princeton,202044,0,0,0,0,0,0,0,5
Skyline,202044,0,0,0,0,0,0,0,3
Yuma,202044,0,0,0,0,0,0,0,2
SPG NC,202043,0,0,0,0,0,0,0,3
SPG VA,202043,0,0,0,0,0,0,0,3
SPG TX,202043,0,0,0,0,0,0,0,3
Deercroft,202043,0,0,0,0,0,0,0,3
Laurel Hill,202043,0,0,0,0,0,0,0,3
Askin,202043,0,0,0,0,0,0,0,6
Williamston,202043,0,0,0,0,0,0,0,6
Robersonville,202043,0,0,0,0,0,0,0,6
Cimarron,202043,1,1,0,0,0,0,2,4
Cyclone,202043,0,0,0,0,0,0,0,4
High Desert,202043,0,0,0,0,0,0,0,3
Princeton,202043,0,0,0,0,0,0,0,5
Skyline,202043,0,0,0,0,0,0,0,3
Yuma,202043,0,1,0,0,0,0,1,2
SPG NC,202042,0,0,0,0,0,0,0,3
SPG VA,202042,0,0,0,0,0,0,0,3
SPG TX,202042,0,0,0,0,0,0,0,3
Deercroft,202042,0,0,0,0,0,0,0,3
Laurel Hill,202042,0,0,0,0,0,0,0,3
Askin,202042,0,0,0,0,0,0,0,6
Williamston,202042,0,0,0,0,0,0,0,6
Robersonville,202042,0,0,0,0,0,0,0,6
Cimarron,202042,0,0,0,0,0,0,0,4
Cyclone,202042,0,0,0,0,0,0,0,4
High Desert,202042,0,0,0,0,0,0,0,3
Princeton,202042,0,0,0,0,0,0,0,5
Skyline,202042,0,0,0,0,0,0,0,3
Yuma,202042,0,2,0,0,0,0,2,2
SPG NC,202041,0,0,0,0,0,0,0,3
SPG VA,202041,0,0,0,0,0,0,0,3
SPG TX,202041,0,0,0,0,0,0,0,3
Deercroft,202041,0,0,1,0,0,0,1,3
Laurel Hill,202041,0,0,0,0,0,0,0,3
Askin,202041,0,0,0,0,0,0,0,6
Williamston,202041,0,0,0,0,0,0,0,6
Robersonville,202041,0,0,0,0,0,0,0,6
Cimarron,202041,0,0,0,0,0,0,0,4
Cyclone,202041,0,0,0,0,0,0,0,4
High Desert,202041,0,1,0,0,0,0,1,3
Princeton,202041,0,0,0,0,0,0,0,5
Skyline,202041,0,1,0,0,0,0,1,3
Yuma,202041,0,1,0,0,0,0,1,2
SPG NC,202040,0,0,0,0,0,0,0,3
SPG VA,202040,0,0,0,0,0,0,0,3
SPG TX,202040,0,0,0,0,0,0,0,3
Deercroft,202040,0,0,0,0,0,1,1,3
Laurel Hill,202040,0,0,0,0,0,0,0,3
Askin,202040,0,0,0,0,0,0,0,6
Williamston,202040,0,0,0,0,0,0,0,6
Robersonville,202040,0,0,0,0,0,0,0,6
Cimarron,202040,3,0,0,0,0,0,3,4
Cyclone,202040,0,0,0,0,0,0,0,4
High Desert,202040,0,0,0,0,0,0,0,3
Princeton,202040,0,0,0,0,0,0,0,5
Skyline,202040,0,0,0,0,0,0,0,3
Yuma,202040,0,1,0,0,0,0,1,2
SPG NC,202039,0,0,0,0,0,0,0,3
SPG VA,202039,0,0,0,0,0,0,0,3
SPG TX,202039,0,0,0,0,0,0,0,3
Deercroft,202039,0,0,0,0,0,0,0,3
Laurel Hill,202039,0,0,0,0,0,0,0,3
Askin,202039,0,0,0,0,0,0,0,6
Williamston,202039,0,0,0,0,0,0,0,6
Robersonville,202039,0,0,0,0,0,0,0,6
Cimarron,202039,0,0,0,0,0,0,0,4
Cyclone,202039,0,0,0,0,0,0,0,4
High Desert,202039,0,2,0,0,0,0,2,3
Princeton,202039,0,0,0,0,0,0,0,5
Skyline,202039,0,0,1,0,0,0,1,3
Yuma,202039,0,0,0,0,0,0,0,2
SPG NC,202038,0,0,0,0,0,0,0,3
SPG VA,202038,0,0,0,0,0,0,0,3
SPG TX,202038,0,0,0,0,0,0,0,3
Deercroft,202038,0,0,0,0,0,0,0,3
Laurel Hill,202038,0,0,0,0,0,0,0,3
Askin,202038,0,0,0,0,0,0,0,6
Williamston,202038,0,0,0,1,0,0,1,6
Robersonville,202038,0,0,0,0,0,0,0,6
Cimarron,202038,0,0,0,0,0,0,0,4
Cyclone,202038,1,0,0,0,0,0,1,4
High Desert,202038,0,0,0,0,0,0,0,3
Princeton,202038,0,0,0,0,0,0,0,5
Skyline,202038,0,0,0,0,0,0,0,3
Yuma,202038,0,0,0,0,0,0,0,2
SPG NC,202037,0,0,0,0,0,0,0,3
SPG VA,202037,0,0,0,0,0,0,0,3
SPG TX,202037,0,0,0,0,0,0,0,3
Deercroft,202037,0,0,0,0,0,0,0,3
Laurel Hill,202037,0,0,0,0,0,0,0,3
Askin,202037,0,0,0,0,0,0,0,6
Williamston,202037,0,0,0,0,0,0,0,6
Robersonville,202037,0,0,0,0,0,0,0,6
Cimarron,202037,1,0,0,0,0,0,1,3
Cyclone,202037,0,0,0,0,0,0,0,3
High Desert,202037,0,0,0,0,0,0,0,2
Princeton,202037,0,0,0,0,0,0,0,4
Skyline,202037,1,0,0,0,0,0,1,3
Yuma,202037,0,0,0,0,0,0,0,2
SPG NC,202036,0,0,0,0,0,0,0,3
SPG VA,202036,0,0,0,0,0,0,0,3
SPG TX,202036,0,0,0,0,0,0,0,3
Deercroft,202036,0,0,0,0,0,0,0,3
Laurel Hill,202036,0,0,0,0,0,0,0,3
Askin,202036,0,0,0,0,0,0,0,6
Williamston,202036,0,0,0,0,0,0,0,6
Robersonville,202036,0,0,0,0,0,0,0,6
Cimarron,202036,1,0,0,0,0,0,1,4
Cyclone,202036,0,0,0,0,0,0,0,4
High Desert,202036,0,0,0,0,1,0,1,3
Princeton,202036,1,0,0,0,0,0,1,5
Skyline,202036,0,0,0,0,0,0,0,3
Yuma,202036,0,0,0,0,0,0,0,2
SPG NC,202035,0,0,0,0,0,0,0,3
SPG VA,202035,0,0,0,0,0,0,0,3
SPG TX,202035,0,0,0,0,0,0,0,3
Deercroft,202035,0,0,0,0,0,0,0,3
Laurel Hill,202035,0,0,0,0,0,0,0,3
Askin,202035,0,0,0,0,0,0,0,6
Williamston,202035,0,0,0,0,0,0,0,6
Robersonville,202035,0,0,0,0,0,0,0,6
Cimarron,202035,0,0,2,0,0,0,2,4
Cyclone,202035,0,0,0,0,0,0,0,4
High Desert,202035,0,0,0,0,0,0,0,3
Princeton,202035,0,0,1,0,0,0,1,5
Skyline,202035,0,0,0,0,0,0,0,3
Yuma,202035,0,0,1,0,0,0,1,2
SPG NC,202034,0,0,0,0,0,0,0,3
SPG VA,202034,0,0,0,0,0,0,0,3
SPG TX,202034,0,0,0,0,0,0,0,3
Deercroft,202034,0,0,0,0,0,0,0,3
Laurel Hill,202034,0,0,0,0,0,0,0,3
Askin,202034,0,0,0,0,0,0,0,6
Williamston,202034,0,0,0,0,0,0,0,6
Robersonville,202034,0,0,0,0,0,0,0,6
Cimarron,202034,1,0,1,0,0,0,2,4
Cyclone,202034,0,0,0,0,0,0,0,4
High Desert,202034,0,0,0,0,0,0,0,3
Princeton,202034,0,0,0,0,0,0,0,5
Skyline,202034,0,0,0,0,0,0,0,4
Yuma,202034,0,1,0,0,0,0,1,2
SPG NC,202033,0,0,0,0,0,0,0,3
SPG VA,202033,0,0,0,0,0,0,0,3
SPG TX,202033,0,0,0,0,0,0,0,3
Deercroft,202033,0,0,0,0,0,0,0,3
Laurel Hill,202033,0,0,0,0,0,0,0,3
Askin,202033,0,0,0,0,0,0,0,6
Williamston,202033,0,0,0,0,0,0,0,6
Robersonville,202033,0,0,0,0,0,0,0,6
Cimarron,202033,0,0,0,0,0,0,0,4
Cyclone,202033,0,0,0,0,0,0,0,4
High Desert,202033,0,0,0,0,1,0,1,3
Princeton,202033,0,0,0,0,0,0,0,5
Skyline,202033,0,0,1,0,0,0,1,3
Yuma,202033,0,0,0,0,0,0,0,2
SPG NC,202032,0,0,0,0,0,0,0,3
SPG VA,202032,0,0,0,0,0,0,0,3
SPG TX,202032,0,0,0,0,0,0,0,3
Deercroft,202032,0,0,0,0,0,0,0,3
Laurel Hill,202032,0,0,0,0,0,0,0,3
Askin,202032,0,0,0,0,0,0,0,6
Williamston,202032,0,0,0,0,0,0,0,6
Robersonville,202032,0,0,0,0,0,0,0,6
Cimarron,202032,0,0,0,0,0,0,0,4
Cyclone,202032,0,0,0,0,0,0,0,4
High Desert,202032,0,0,0,0,0,0,0,3
Princeton,202032,0,0,0,0,0,0,0,5
Skyline,202032,0,0,0,0,0,0,0,3
Yuma,202032,0,0,0,0,0,0,0,2
SPG NC,202031,0,0,0,0,0,0,0,3
SPG VA,202031,0,0,0,0,0,0,0,3
SPG TX,202031,0,0,0,0,0,0,0,3
Deercroft,202031,0,0,0,0,0,0,0,3
Laurel Hill,202031,0,0,0,0,0,0,0,3
Askin,202031,0,0,0,0,0,0,0,6
Williamston,202031,0,0,0,0,0,0,0,6
Robersonville,202031,0,0,0,0,0,0,0,6
Cimarron,202031,1,0,0,0,0,0,1,4
Cyclone,202031,0,0,0,0,0,0,0,4
High Desert,202031,0,0,0,0,0,0,0,3
Princeton,202031,0,0,0,0,0,0,0,5
Skyline,202031,0,0,0,0,0,0,0,3
Yuma,202031,0,0,0,0,0,0,0,2
SPG NC,202030,0,0,0,0,0,0,0,3
SPG VA,202030,0,0,0,0,0,0,0,3
SPG TX,202030,0,0,0,0,0,0,0,3
Deercroft,202030,0,0,0,0,0,0,0,3
Laurel Hill,202030,0,0,0,0,0,0,0,3
Askin,202030,0,0,0,0,0,0,0,6
Williamston,202030,0,0,0,0,0,0,0,6
Robersonville,202030,0,0,0,0,0,0,0,6
Cimarron,202030,0,0,0,0,0,0,0,4
Cyclone,202030,0,0,0,0,0,0,0,4
High Desert,202030,0,0,0,0,0,0,0,3
Princeton,202030,0,0,0,0,0,0,0,5
Skyline,202030,0,0,0,0,0,0,0,3
Yuma,202030,0,0,0,0,0,0,0,2
SPG NC,202029,0,0,0,0,0,0,0,3
SPG VA,202029,0,0,0,0,0,0,0,3
SPG TX,202029,0,0,0,0,0,0,0,3
Deercroft,202029,0,0,0,0,0,0,0,3
Laurel Hill,202029,0,0,0,0,0,0,0,3
Askin,202029,0,0,0,0,0,0,0,6
Williamston,202029,0,0,0,0,0,0,0,6
Robersonville,202029,0,0,0,0,0,0,0,6
Cimarron,202029,1,0,0,0,0,0,1,4
Cyclone,202029,0,0,0,0,0,0,0,4
High Desert,202029,0,0,0,0,0,0,0,3
Princeton,202029,0,0,0,0,0,0,0,5
Skyline,202029,0,0,0,1,1,0,2,3
Yuma,202029,0,0,0,1,0,0,1,2
SPG NC,202028,0,0,0,0,0,0,0,3
SPG VA,202028,0,0,0,0,0,0,0,3
SPG TX,202028,0,0,0,0,0,0,0,3
Deercroft,202028,0,0,0,0,0,0,0,3
Laurel Hill,202028,0,0,0,0,0,0,0,3
Askin,202028,0,0,0,0,0,0,0,6
Williamston,202028,0,0,0,0,0,0,0,6
Robersonville,202028,0,0,0,0,0,0,0,6
Cimarron,202028,0,0,0,0,0,0,0,4
Cyclone,202028,0,0,0,0,0,0,0,4
High Desert,202028,0,0,0,0,0,0,0,3
Princeton,202028,0,0,0,0,0,0,0,5
Skyline,202028,0,0,1,0,0,0,1,2
Yuma,202028,0,0,1,0,0,0,1,2
SPG NC,202027,0,0,0,0,0,0,0,3
SPG VA,202027,0,0,0,0,0,0,0,3
SPG TX,202027,0,0,0,0,0,0,0,3
Deercroft,202027,0,0,0,0,0,0,0,3
Laurel Hill,202027,0,0,0,0,0,0,0,3
Askin,202027,0,0,0,0,0,0,0,6
Williamston,202027,0,0,0,0,0,0,0,6
Robersonville,202027,0,0,0,0,0,0,0,6
Cimarron,202027,0,0,0,0,0,0,0,3
Cyclone,202027,0,0,0,0,0,0,0,3
High Desert,202027,0,0,0,0,0,0,0,2
Princeton,202027,0,0,0,0,0,0,0,4
Skyline,202027,0,0,0,0,0,0,0,2
Yuma,202027,0,0,0,0,0,0,0,2
SPG NC,202026,0,0,0,0,0,0,0,3
SPG VA,202026,0,0,0,0,0,0,0,3
SPG TX,202026,0,0,0,0,0,0,0,3
Deercroft,202026,0,0,0,0,0,0,0,3
Laurel Hill,202026,0,0,0,0,0,0,0,3
Askin,202026,0,0,0,0,0,0,0,6
Williamston,202026,0,0,0,0,0,0,0,6
Robersonville,202026,0,0,0,0,0,0,0,6
Cimarron,202026,0,0,0,0,0,0,0,4
Cyclone,202026,0,0,1,0,0,0,1,4
High Desert,202026,0,0,0,0,0,0,0,3
Princeton,202026,0,0,0,0,0,0,0,5
Skyline,202026,0,0,0,0,0,0,0,3
Yuma,202026,0,0,0,0,0,0,0,2
SPG NC,202025,0,0,0,0,0,0,0,3
SPG VA,202025,0,0,0,0,1,0,1,3
SPG TX,202025,0,0,0,0,0,0,0,3
Deercroft,202025,0,0,0,0,0,0,0,3
Laurel Hill,202025,0,0,0,0,0,0,0,3
Askin,202025,0,0,1,0,0,0,1,6
Williamston,202025,0,0,0,0,0,0,0,6
Robersonville,202025,0,0,0,0,0,0,0,6
Cimarron,202025,0,0,0,0,0,0,0,4
Cyclone,202025,0,0,0,0,0,0,0,4
High Desert,202025,0,0,0,0,0,0,0,3
Princeton,202025,0,0,0,0,0,0,0,5
Skyline,202025,0,0,0,0,0,0,0,2
Yuma,202025,0,0,0,0,0,0,0,2
SPG NC,202024,0,0,0,0,0,0,0,3
SPG VA,202024,0,0,0,0,0,0,0,3
SPG TX,202024,0,0,0,0,0,0,0,3
Deercroft,202024,0,0,0,0,0,0,0,3
Laurel Hill,202024,0,0,0,0,0,0,0,3
Askin,202024,0,0,0,0,0,0,0,6
Williamston,202024,0,0,0,0,0,0,0,6
Robersonville,202024,0,0,0,0,0,0,0,6
Cimarron,202024,0,0,0,0,0,0,0,4
Cyclone,202024,0,0,0,0,0,0,0,4
High Desert,202024,0,0,0,0,0,0,0,3
Princeton,202024,0,0,0,0,0,0,0,5
Skyline,202024,0,0,0,0,0,0,0,3
Yuma,202024,0,0,0,0,0,0,0,2
SPG NC,202023,0,0,0,0,0,0,0,3
SPG VA,202023,0,0,0,0,0,0,0,3
SPG TX,202023,0,0,0,0,0,0,0,3
Deercroft,202023,0,0,0,0,0,0,0,3
Laurel Hill,202023,0,0,0,0,0,0,0,3
Askin,202023,0,0,0,0,0,0,0,6
Williamston,202023,0,0,0,0,0,0,0,6
Robersonville,202023,0,0,0,0,0,1,1,6
Cimarron,202023,0,0,0,0,0,0,0,4
Cyclone,202023,0,0,0,0,1,0,1,4
High Desert,202023,0,0,0,0,0,0,0,3
Princeton,202023,0,0,0,0,0,0,0,5
Skyline,202023,0,0,0,0,0,0,0,3
Yuma,202023,0,0,0,0,0,0,0,2
SPG NC,202022,0,0,0,0,0,0,0,3
SPG VA,202022,0,0,0,0,0,0,0,3
SPG TX,202022,0,0,0,0,0,0,0,3
Deercroft,202022,0,0,0,0,0,0,0,3
Laurel Hill,202022,0,0,0,0,0,0,0,3
Askin,202022,0,0,0,0,0,0,0,6
Williamston,202022,0,0,1,0,0,0,1,6
Robersonville,202022,0,0,0,0,0,0,0,6
Cimarron,202022,0,0,0,0,0,0,0,3
Cyclone,202022,0,0,0,0,0,0,0,3
High Desert,202022,0,0,0,0,1,0,1,3
Princeton,202022,0,0,0,0,0,0,0,4
Skyline,202022,0,0,0,0,0,0,0,3
Yuma,202022,0,0,0,0,0,0,0,2
SPG NC,202021,0,0,0,0,0,0,0,3
SPG VA,202021,0,0,0,0,0,0,0,3
SPG TX,202021,0,0,0,0,0,0,0,3
Deercroft,202021,0,0,0,0,0,0,0,3
Laurel Hill,202021,0,0,0,0,0,0,0,3
Askin,202021,0,0,0,0,0,0,0,6
Williamston,202021,0,0,1,0,0,0,1,6
Robersonville,202021,0,0,0,0,0,0,0,6
Cimarron,202021,0,0,0,0,0,0,0,4
Cyclone,202021,0,0,0,0,0,0,0,4
High Desert,202021,0,0,0,0,1,0,1,3
Princeton,202021,0,0,0,0,0,0,0,5
Skyline,202021,0,0,0,0,0,0,0,2
Yuma,202021,0,0,0,0,0,0,0,2
SPG NC,202020,0,0,0,0,0,0,0,3
SPG VA,202020,0,0,0,0,0,0,0,3
SPG TX,202020,0,0,0,0,0,0,0,3
Deercroft,202020,0,0,0,0,0,1,1,3
Laurel Hill,202020,0,0,0,0,0,0,0,3
Askin,202020,0,0,0,0,0,0,0,6
Williamston,202020,0,0,0,0,1,0,1,6
Robersonville,202020,0,0,0,0,0,1,1,6
Cimarron,202020,0,0,0,0,0,0,0,4
Cyclone,202020,0,0,0,0,1,0,1,4
High Desert,202020,0,0,0,0,1,0,1,3
Princeton,202020,0,0,0,0,0,0,0,5
Skyline,202020,0,0,0,0,0,0,0,3
Yuma,202020,0,0,0,0,0,0,0,2
SPG NC,202019,0,0,0,0,0,0,0,3
SPG VA,202019,0,0,0,0,0,0,0,3
SPG TX,202019,0,0,0,0,0,0,0,3
Deercroft,202019,0,0,0,0,0,0,0,3
Laurel Hill,202019,0,0,0,0,0,0,0,3
Askin,202019,0,0,0,0,0,0,0,6
Williamston,202019,0,0,0,0,0,0,0,6
Robersonville,202019,0,0,0,0,1,0,1,6
Cimarron,202019,0,0,0,0,0,0,0,4
Cyclone,202019,0,0,0,0,0,0,0,4
High Desert,202019,0,0,0,0,0,0,0,3
Princeton,202019,0,0,0,0,0,0,0,5
Skyline,202019,0,0,0,0,0,0,0,2
Yuma,202019,0,0,0,0,0,0,0,2
SPG NC,202018,0,0,0,0,0,0,0,3
SPG VA,202018,0,0,0,0,0,0,0,3
SPG TX,202018,0,0,0,0,0,0,0,3
Deercroft,202018,0,0,0,0,0,0,0,3
Laurel Hill,202018,0,0,0,0,0,0,0,3
Askin,202018,0,0,0,0,0,0,0,6
Williamston,202018,0,0,0,0,0,0,0,6
Robersonville,202018,0,0,0,0,0,0,0,6
Cimarron,202018,1,0,0,0,0,0,1,5
Cyclone,202018,0,0,0,0,0,0,0,4
High Desert,202018,0,0,0,0,1,0,1,3
Princeton,202018,0,0,0,0,0,0,0,5
Skyline,202018,0,0,0,0,0,0,0,2
Yuma,202018,0,1,0,0,0,0,1,2
SPG NC,202017,0,0,0,0,0,0,0,3
SPG VA,202017,0,0,0,0,0,0,0,3
SPG TX,202017,0,0,0,0,0,0,0,3
Deercroft,202017,0,0,0,0,0,0,0,3
Laurel Hill,202017,0,0,0,0,0,0,0,3
Askin,202017,0,0,0,0,0,0,0,6
Williamston,202017,0,0,0,0,0,0,0,6
Robersonville,202017,0,0,0,0,0,0,0,6
Cimarron,202017,0,0,0,0,0,0,0,4
Cyclone,202017,0,0,1,0,0,0,1,4
High Desert,202017,0,0,0,0,0,0,0,3
Princeton,202017,0,0,0,0,0,0,0,6
Skyline,202017,0,0,0,0,0,0,0,5
Yuma,202017,0,0,0,0,0,0,0,3
SPG NC,202016,0,0,0,0,0,0,0,3
SPG VA,202016,0,0,0,0,0,0,0,3
SPG TX,202016,0,0,0,0,0,0,0,3
Deercroft,202016,0,0,0,0,0,0,0,3
Laurel Hill,202016,0,0,0,0,0,0,0,3
Askin,202016,0,0,0,0,0,0,0,6
Williamston,202016,0,0,0,0,0,0,0,6
Robersonville,202016,0,0,0,0,0,0,0,6
Cimarron,202016,0,0,0,0,0,0,0,4
Cyclone,202016,0,0,0,0,0,0,0,4
High Desert,202016,0,0,1,0,0,0,1,3
Princeton,202016,0,0,0,0,0,0,0,6
Skyline,202016,0,0,0,0,0,0,0,5
Yuma,202016,0,0,0,0,0,0,0,3
SPG NC,202015,0,0,0,0,0,0,0,3
SPG VA,202015,0,0,0,0,0,0,0,3
SPG TX,202015,0,0,0,0,0,0,0,3
Deercroft,202015,0,0,0,0,0,1,1,3
Laurel Hill,202015,0,0,0,0,0,0,0,3
Askin,202015,0,0,0,0,0,0,0,6
Williamston,202015,0,0,0,0,0,0,0,6
Robersonville,202015,0,0,0,0,0,0,0,6
Cimarron,202015,0,0,0,0,0,0,0,4
Cyclone,202015,0,0,0,0,0,0,0,4
High Desert,202015,0,0,0,0,0,0,0,3
Princeton,202015,0,0,0,0,0,0,0,6
Skyline,202015,0,0,0,0,0,0,0,5
Yuma,202015,0,0,0,0,0,0,0,3
SPG NC,202014,0,0,0,0,0,0,0,3
SPG VA,202014,0,0,0,0,0,0,0,3
SPG TX,202014,0,0,0,0,0,0,0,3
Deercroft,202014,0,0,0,0,0,0,0,3
Laurel Hill,202014,0,0,0,0,0,0,0,3
Askin,202014,0,0,0,0,0,0,0,6
Williamston,202014,0,0,1,0,0,0,1,6
Robersonville,202014,0,0,0,0,0,0,0,6
Cimarron,202014,0,0,0,0,0,0,0,4
Cyclone,202014,0,0,0,0,0,0,0,4
High Desert,202014,0,0,0,0,0,0,0,3
Princeton,202014,0,0,0,0,0,0,0,6
Skyline,202014,0,0,0,0,0,0,0,5
Yuma,202014,0,0,0,0,0,0,0,3
SPG NC,202013,0,0,0,0,0,0,0,3
SPG VA,202013,0,0,0,0,0,0,0,3
SPG TX,202013,0,0,0,0,0,0,0,3
Deercroft,202013,0,0,0,0,0,0,0,3
Laurel Hill,202013,0,0,0,0,0,0,0,3
Askin,202013,0,0,0,0,0,0,0,6
Williamston,202013,0,0,0,0,0,0,0,6
Robersonville,202013,0,0,0,0,0,0,0,6
Cimarron,202013,0,0,0,0,0,0,0,4
Cyclone,202013,0,0,0,0,0,0,0,4
High Desert,202013,0,0,0,0,0,0,0,3
Princeton,202013,0,0,0,0,0,0,0,6
Skyline,202013,0,0,0,0,0,0,0,5
Yuma,202013,0,0,0,0,0,0,0,3
SPG NC,202012,0,0,0,0,0,0,0,3
SPG VA,202012,0,0,0,0,0,0,0,3
SPG TX,202012,0,0,0,0,0,0,0,3
Deercroft,202012,0,0,0,0,0,0,0,3
Laurel Hill,202012,0,0,0,0,0,0,0,3
Askin,202012,0,0,0,0,0,0,0,6
Williamston,202012,0,0,0,0,0,0,0,6
Robersonville,202012,0,0,0,0,0,1,1,6
Cimarron,202012,0,0,0,0,0,0,0,4
Cyclone,202012,0,0,0,0,0,0,0,4
High Desert,202012,0,0,0,0,0,0,0,3
Princeton,202012,0,0,0,0,0,0,0,6
Skyline,202012,0,0,0,0,0,0,0,5
Yuma,202012,0,0,0,0,0,0,0,3
SPG NC,202011,0,1,0,0,0,0,1,3
SPG VA,202011,0,0,0,0,0,0,0,3
SPG TX,202011,0,0,0,0,0,0,0,3
Deercroft,202011,0,0,0,0,0,0,0,3
Laurel Hill,202011,0,0,0,0,0,0,0,3
Askin,202011,0,0,0,0,0,0,0,6
Williamston,202011,0,0,0,0,0,0,0,6
Robersonville,202011,0,0,0,0,0,0,0,6
Cimarron,202011,0,0,0,0,0,0,0,4
Cyclone,202011,0,0,0,0,0,0,0,4
High Desert,202011,0,0,0,0,0,0,0,3
Princeton,202011,0,0,0,0,0,0,0,6
Skyline,202011,0,0,0,0,0,0,0,5
Yuma,202011,0,0,0,0,0,0,0,3
SPG NC,202010,0,0,0,0,0,0,0,3
SPG VA,202010,0,0,0,0,0,0,0,3
SPG TX,202010,0,0,0,0,0,0,0,3
Deercroft,202010,0,0,0,0,0,0,0,3
Laurel Hill,202010,0,0,0,0,0,0,0,3
Askin,202010,0,0,0,0,0,0,0,6
Williamston,202010,0,0,0,1,0,0,1,6
Robersonville,202010,0,0,0,0,0,0,0,6
Cimarron,202010,0,0,0,0,0,0,0,4
Cyclone,202010,0,0,0,0,0,0,0,4
High Desert,202010,0,0,0,0,0,0,0,3
Princeton,202010,0,0,0,0,0,0,0,6
Skyline,202010,0,0,0,0,0,0,0,5
Yuma,202010,0,0,0,0,0,0,0,3
SPG NC,202009,0,0,0,0,0,0,0,3
SPG VA,202009,0,0,0,0,0,0,0,3
SPG TX,202009,0,0,0,0,0,0,0,3
Deercroft,202009,0,0,0,0,0,0,0,3
Laurel Hill,202009,0,0,0,0,0,0,0,3
Askin,202009,0,0,0,0,0,0,0,6
Williamston,202009,0,0,0,0,0,0,0,6
Robersonville,202009,0,0,0,0,0,0,0,6
Cimarron,202009,0,0,0,0,0,0,0,4
Cyclone,202009,0,0,0,0,0,0,0,4
High Desert,202009,0,0,0,0,0,0,0,3
Princeton,202009,0,0,0,0,0,0,0,6
Skyline,202009,0,0,0,0,0,0,0,5
Yuma,202009,0,0,0,0,0,0,0,3
SPG NC,202008,0,0,0,0,0,0,0,3
SPG VA,202008,0,0,0,0,0,0,0,3
SPG TX,202008,0,0,0,0,0,0,0,3
Deercroft,202008,0,0,0,0,0,0,0,3
Laurel Hill,202008,0,0,0,0,0,0,0,3
Askin,202008,0,0,0,0,0,0,0,6
Williamston,202008,0,0,0,0,0,0,0,6
Robersonville,202008,0,0,0,0,0,0,0,6
Cimarron,202008,0,0,0,0,0,0,0,4
Cyclone,202008,0,0,0,0,0,0,0,4
High Desert,202008,0,0,0,0,0,0,0,3
Princeton,202008,0,0,0,0,0,0,0,6
Skyline,202008,0,0,0,0,0,0,0,5
Yuma,202008,0,0,0,0,0,0,0,3
SPG NC,202007,0,0,0,0,0,0,0,3
SPG VA,202007,0,0,0,0,0,0,0,3
SPG TX,202007,0,0,0,0,0,0,0,3
Deercroft,202007,0,0,0,0,0,0,0,3
Laurel Hill,202007,0,0,0,0,0,0,0,3
Askin,202007,0,0,0,0,0,0,0,6
Williamston,202007,0,0,0,0,0,0,0,6
Robersonville,202007,0,0,0,0,0,0,0,6
Cimarron,202007,0,0,0,0,0,0,0,4
Cyclone,202007,0,0,0,0,0,0,0,4
High Desert,202007,0,0,0,0,0,0,0,3
Princeton,202007,0,0,0,0,0,0,0,6
Skyline,202007,0,0,0,0,0,0,0,5
Yuma,202007,0,0,0,0,0,0,0,3
SPG NC,202006,0,0,0,0,0,0,0,3
SPG VA,202006,0,0,0,0,0,0,0,3
SPG TX,202006,0,0,0,0,0,0,0,3
Deercroft,202006,0,0,0,0,0,0,0,3
Laurel Hill,202006,0,0,0,0,0,0,0,3
Askin,202006,0,0,0,0,0,0,0,6
Williamston,202006,0,0,0,0,0,0,0,6
Robersonville,202006,0,0,0,0,0,0,0,6
Cimarron,202006,0,0,0,0,0,0,0,4
Cyclone,202006,0,0,0,0,0,0,0,4
High Desert,202006,0,0,0,0,0,0,0,3
Princeton,202006,0,0,0,0,0,0,0,6
Skyline,202006,0,0,0,0,0,0,0,5
Yuma,202006,0,0,0,0,0,0,0,3
SPG NC,202005,0,0,0,0,0,0,0,3
SPG VA,202005,0,0,0,0,0,0,0,3
SPG TX,202005,0,0,0,0,0,0,0,3
Deercroft,202005,0,0,0,0,0,0,0,3
Laurel Hill,202005,0,0,0,0,0,0,0,3
Askin,202005,0,0,0,0,0,0,0,6
Williamston,202005,0,0,0,0,0,0,0,6
Robersonville,202005,0,0,0,0,0,0,0,6
Cimarron,202005,0,0,0,0,0,0,0,4
Cyclone,202005,0,0,0,0,0,0,0,4
High Desert,202005,0,0,0,0,0,0,0,3
Princeton,202005,0,0,0,0,0,0,0,6
Skyline,202005,0,0,0,0,0,0,0,5
Yuma,202005,0,0,0,0,0,0,0,3
SPG NC,202004,0,0,0,0,0,0,0,3
SPG VA,202004,0,0,0,0,0,0,0,3
SPG TX,202004,0,0,0,0,0,0,0,3
Deercroft,202004,0,0,0,0,0,0,0,3
Laurel Hill,202004,0,0,0,0,0,0,0,3
Askin,202004,0,0,0,0,0,0,0,6
Williamston,202004,0,0,0,0,0,0,0,6
Robersonville,202004,0,0,0,0,0,0,0,6
Cimarron,202004,0,0,0,0,0,0,0,4
Cyclone,202004,0,0,0,0,0,0,0,4
High Desert,202004,0,0,0,0,0,0,0,3
Princeton,202004,0,0,0,0,0,0,0,6
Skyline,202004,0,0,0,0,0,0,0,5
Yuma,202004,0,0,0,0,0,0,0,3
SPG NC,202003,0,0,0,0,0,0,0,3
SPG VA,202003,0,0,0,0,0,0,0,3
SPG TX,202003,0,0,0,0,0,0,0,3
Deercroft,202003,0,0,0,0,0,0,0,3
Laurel Hill,202003,0,0,0,0,0,0,0,3
Askin,202003,0,0,0,0,0,0,0,6
Williamston,202003,0,0,0,0,0,0,0,6
Robersonville,202003,0,0,0,0,0,0,0,6
Cimarron,202003,0,0,0,0,0,0,0,4
Cyclone,202003,0,0,0,0,0,0,0,4
High Desert,202003,0,0,0,0,0,0,0,3
Princeton,202003,0,0,0,0,0,0,0,6
Skyline,202003,0,0,0,0,0,0,0,5
Yuma,202003,0,0,0,0,0,0,0,3
SPG NC,202002,0,0,0,0,0,0,0,3
SPG VA,202002,0,0,1,0,0,0,1,3
SPG TX,202002,0,0,0,0,0,0,0,3
Deercroft,202002,0,0,0,0,0,0,0,3
Laurel Hill,202002,0,0,0,0,0,0,0,3
Askin,202002,0,0,0,0,0,0,0,6
Williamston,202002,0,0,0,0,0,0,0,6
Robersonville,202002,0,0,0,0,0,0,0,6
Cimarron,202002,0,0,0,0,0,0,0,4
Cyclone,202002,0,0,0,0,0,0,0,4
High Desert,202002,0,0,0,0,0,0,0,3
Princeton,202002,0,0,0,0,0,0,0,6
Skyline,202002,0,0,0,0,0,0,0,5
Yuma,202002,0,0,0,0,0,0,0,3
SPG NC,202001,0,0,0,0,0,0,0,3
SPG VA,202001,0,0,0,0,0,0,0,3
SPG TX,202001,0,0,0,0,0,0,0,3
Deercroft,202001,0,0,0,0,0,0,0,3
Laurel Hill,202001,0,0,0,0,0,0,0,3
Askin,202001,0,0,0,0,0,0,0,6
Williamston,202001,0,0,0,0,0,0,0,6
Robersonville,202001,0,0,0,0,0,0,0,6
Cimarron,202001,0,0,0,0,0,0,0,4
Cyclone,202001,0,0,0,0,0,0,0,4
High Desert,202001,0,0,0,0,0,0,0,3
Princeton,202001,0,0,0,0,0,0,0,6
Skyline,202001,0,0,0,0,0,0,0,5
Yuma,202001,0,0,0,0,0,0,0,3
